Protein_ID,Localizations,Signals,Membrane types,Cytoplasm,Nucleus,Extracellular,Cell membrane,Mitochondrion,Plastid,Endoplasmic reticulum,Lysosome/Vacuole,Golgi apparatus,Peroxisome,Peripheral,Transmembrane,Lipid anchor,Soluble
KAF4577131.1_Ostreolysin_A6__Pleurotus_pulmonarius_,Cytoplasm|Extracellular,,Soluble,0.6187000274658203,0.4302000105381012,0.8395000100135803,0.3450999855995178,0.27630001306533813,0.010400000028312206,0.0430000014603138,0.10170000046491623,0.15399999916553497,0.015699999406933784,0.3440000116825104,0.02160000056028366,0.26269999146461487,0.8773000240325928
KAF4577129.1_Ostreolysin_A6__Pleurotus_pulmonarius_,Cytoplasm|Extracellular,Nuclear localization signal,Soluble,0.6658999919891357,0.4555000066757202,0.7516000270843506,0.2433999925851822,0.3310999870300293,0.007799999788403511,0.06769999861717224,0.10339999943971634,0.1664000004529953,0.020600000396370888,0.32899999618530273,0.019500000402331352,0.1940000057220459,0.9101999998092651
KAF4577128.1_Ostreolysin_A6__Pleurotus_pulmonarius_,Cytoplasm|Extracellular,,Soluble,0.6258999705314636,0.4596000015735626,0.8828999996185303,0.2703000009059906,0.23309999704360962,0.010200000368058681,0.03370000049471855,0.0868000015616417,0.16519999504089355,0.016200000420212746,0.3278999924659729,0.025200000032782555,0.22259999811649323,0.8934999704360962
KAF4577132.1_hypothetical_protein_EYR36_005119__Pleurotus_pulmonarius_,Cytoplasm,,Soluble,0.4927000105381012,0.2703000009059906,0.5454999804496765,0.5067999958992004,0.11169999837875366,0.04490000009536743,0.08020000159740448,0.19449999928474426,0.24220000207424164,0.2011999934911728,0.3425000011920929,0.19740000367164612,0.4551999866962433,0.7250000238418579
jgi_Volvo1_116806_PriA,Nucleus|Extracellular,,Soluble,0.40939998626708984,0.5440999865531921,0.830299973487854,0.13860000669956207,0.3508000075817108,0.00570000009611249,0.07609999924898148,0.1648000031709671,0.1639000028371811,0.05790000036358833,0.3937999904155731,0.06499999761581421,0.26460000872612,0.820900022983551
jgi_Volvo1_121057_Aegerolysin,Cytoplasm,,Soluble,0.39590001106262207,0.359499990940094,0.38760000467300415,0.33379998803138733,0.5034000277519226,0.030500000342726707,0.25690001249313354,0.09560000151395798,0.131400004029274,0.027300000190734863,0.374099999666214,0.28870001435279846,0.21539999544620514,0.699999988079071
jgi_Fibra1_8583_FIBRA_06718m.01,Cytoplasm|Extracellular,,Soluble,0.5895000100135803,0.3504999876022339,0.7390000224113464,0.2632000148296356,0.34439998865127563,0.03610000014305115,0.07360000163316727,0.24809999763965607,0.2061000019311905,0.05209999904036522,0.3856000006198883,0.033799998462200165,0.2903999984264374,0.8682000041007996
jgi_Fibra1_8593_FIBRA_06728m.01,Cytoplasm|Extracellular,,Soluble,0.5756000280380249,0.42419999837875366,0.7731999754905701,0.32919999957084656,0.3813999891281128,0.03440000116825104,0.11829999834299088,0.23119999468326569,0.30730000138282776,0.02879999950528145,0.45809999108314514,0.038100000470876694,0.26429998874664307,0.8571000099182129
jgi_PhlFC14_2_483767_CE483766_4870,Cytoplasm|Extracellular,,Soluble,0.5748000144958496,0.3497999906539917,0.9143000245094299,0.12240000069141388,0.3361999988555908,0.012000000104308128,0.040699999779462814,0.10530000180006027,0.08730000257492065,0.0203000009059906,0.39149999618530273,0.024299999698996544,0.31220000982284546,0.8824999928474426
jgi_PhlFC14_2_1801769_e_gw1.2.1493.1,Cytoplasm|Extracellular,,Soluble,0.6790000200271606,0.2816999852657318,0.7009000182151794,0.20600000023841858,0.29840001463890076,0.045899998396635056,0.1687999963760376,0.19280000030994415,0.3391000032424927,0.08020000159740448,0.4426000118255615,0.02810000069439411,0.32440000772476196,0.8676000237464905
jgi_PhlFC14_2_1827079_fgenesh1_pg.2___36,Cytoplasm|Extracellular,,Soluble,0.6779000163078308,0.28700000047683716,0.7214000225067139,0.20810000598430634,0.29249998927116394,0.03759999945759773,0.17520000040531158,0.19939999282360077,0.35580000281333923,0.0892999991774559,0.43939998745918274,0.028999999165534973,0.3546999990940094,0.8644000291824341
jgi_PhlFC14_2_1947475_estExt_Genewise1Plus.C_2_t10161,Cytoplasm|Extracellular,Nuclear localization signal,Soluble,0.5274999737739563,0.4368000030517578,0.7084000110626221,0.11659999936819077,0.3224000036716461,0.019500000402331352,0.06390000134706497,0.265500009059906,0.15880000591278076,0.037300001829862595,0.4562999904155731,0.02889999933540821,0.21899999678134918,0.8665000200271606
jgi_Pycpun1_203258_CE203257_234,Cytoplasm|Extracellular,,Soluble,0.7355999946594238,0.36970001459121704,0.7623000144958496,0.25619998574256897,0.4117000102996826,0.020099999383091927,0.060100000351667404,0.16449999809265137,0.1282999962568283,0.024700000882148743,0.27059999108314514,0.021900000050663948,0.31540000438690186,0.9053000211715698
jgi_Parsph2_111316_CE111315_235,Cytoplasm|Extracellular,,Soluble,0.5796999931335449,0.3547999858856201,0.7540000081062317,0.22100000083446503,0.3386000096797943,0.049800001084804535,0.041600000113248825,0.22089999914169312,0.13040000200271606,0.06629999727010727,0.2858000099658966,0.025699999183416367,0.23929999768733978,0.9021999835968018
jgi_Parsph2_1787663_estExt_Genemark4.C_100035,Cytoplasm|Extracellular,,Soluble,0.5651000142097473,0.3815999925136566,0.7864999771118164,0.27410000562667847,0.4284000098705292,0.04230000078678131,0.043800000101327896,0.2468000054359436,0.19679999351501465,0.10209999978542328,0.23270000517368317,0.0364999994635582,0.23309999704360962,0.8891000151634216
jgi_Flafl1_1414541_gm1.5378_g,Cytoplasm|Extracellular,Nuclear localization signal,Soluble,0.6348999738693237,0.4936000108718872,0.7332000136375427,0.24560000002384186,0.31610000133514404,0.007600000128149986,0.0681999996304512,0.2110999971628189,0.07840000092983246,0.006200000178068876,0.3149000108242035,0.013799999840557575,0.34850001335144043,0.8938999772071838
jgi_Punst1_101965_estExt_Genewise1Plus.C_5_t30163,Cytoplasm|Extracellular,Nuclear localization signal,Soluble,0.6693999767303467,0.4390999972820282,0.7558000087738037,0.29170000553131104,0.45100000500679016,0.026399999856948853,0.05209999904036522,0.10189999639987946,0.13600000739097595,0.008700000122189522,0.30889999866485596,0.016100000590085983,0.30090001225471497,0.9096999764442444
jgi_Gyrli1_877364_estExt_Genemark1.C_2_t10250,Cytoplasm|Extracellular,,Soluble,0.5630000233650208,0.4000000059604645,0.7386000156402588,0.13570000231266022,0.30160000920295715,0.02419999986886978,0.03929999843239784,0.24060000479221344,0.12729999423027039,0.04190000146627426,0.23559999465942383,0.034699998795986176,0.15209999680519104,0.9071000218391418
jgi_Trace1_560779_CE560778_203,Cytoplasm|Nucleus,Nuclear localization signal,Soluble,0.711899995803833,0.6586999893188477,0.5828999876976013,0.10369999706745148,0.20999999344348907,0.06379999965429306,0.08129999786615372,0.26269999146461487,0.13019999861717224,0.07769999653100967,0.34130001068115234,0.048700001090765,0.20900000631809235,0.8658999800682068
jgi_Tragib1_1322232_e_gw1.22.291.1,Nucleus,,Soluble,0.41119998693466187,0.5115000009536743,0.5443000197410583,0.10869999974966049,0.3296999931335449,0.03750000149011612,0.2134000062942505,0.20149999856948853,0.08299999684095383,0.01679999940097332,0.2442999929189682,0.10570000112056732,0.1290999948978424,0.8120999932289124
jgi_Sisrad1_2292907_e_gw1.26.70.1,Extracellular,Nuclear localization signal,Soluble,0.46299999952316284,0.397599995136261,0.7226999998092651,0.22669999301433563,0.31470000743865967,0.10999999940395355,0.04969999939203262,0.11680000275373459,0.16359999775886536,0.03970000147819519,0.5209000110626221,0.03970000147819519,0.20839999616146088,0.8586000204086304
jgi_Cersu1_172089_uku_PF06355.4,Cytoplasm,Nuclear localization signal,Soluble,0.6984999775886536,0.3880999982357025,0.513700008392334,0.11020000278949738,0.1972000002861023,0.017999999225139618,0.03610000014305115,0.1467999964952469,0.06830000132322311,0.025699999183416367,0.33309999108314514,0.043699998408555984,0.30090001225471497,0.8942999839782715
jgi_Pisori2_840897_fgenesh1_kg.21___243___TRINITY_DN1208_c0_g1_i1,Cytoplasm|Extracellular,,Soluble,0.6212000250816345,0.3743000030517578,0.7912999987602234,0.23739999532699585,0.5144000053405762,0.07670000195503235,0.060100000351667404,0.2734000086784363,0.24040000140666962,0.05909999832510948,0.358599990606308,0.032999999821186066,0.23690000176429749,0.8744999766349792
jgi_Dicsq1_69680_e_gw1.57.32.1,Cytoplasm|Extracellular,,Soluble,0.6371999979019165,0.3450999855995178,0.8064000010490417,0.1362999975681305,0.226500004529953,0.013500000350177288,0.08780000358819962,0.14069999754428864,0.11180000007152557,0.01860000006854534,0.23340000212192535,0.028200000524520874,0.26170000433921814,0.9052000045776367
jgi_PleosPC9_1_72745_estExt_Genewise1.C_60521,Cytoplasm|Extracellular,Nuclear localization signal,Soluble,0.6417999863624573,0.46869999170303345,0.805400013923645,0.28139999508857727,0.27140000462532043,0.007400000002235174,0.04019999876618385,0.10289999842643738,0.14020000398159027,0.021199999377131462,0.3621000051498413,0.020800000056624413,0.2240000069141388,0.8903999924659729
jgi_PleosPC15_2_1090164_estExt_fgenesh1_kg.C_070197,Cytoplasm|Extracellular,Nuclear localization signal,Soluble,0.6417999863624573,0.46869999170303345,0.805400013923645,0.28139999508857727,0.27140000462532043,0.007400000002235174,0.04019999876618385,0.10289999842643738,0.14020000398159027,0.021199999377131462,0.3621000051498413,0.020800000056624413,0.2240000069141388,0.8903999924659729
jgi_Iscben1_962434_fgenesh1_kg.51___332___TRINITY_DN11122_c0_g1_i2,Cytoplasm|Extracellular,,Soluble,0.6133000254631042,0.374099999666214,0.862500011920929,0.31610000133514404,0.32580000162124634,0.014499999582767487,0.07150000333786011,0.11789999902248383,0.2143000066280365,0.03869999945163727,0.357699990272522,0.02410000003874302,0.2709999978542328,0.8910999894142151
jgi_Hercor1_717804_CE717803_220,Cytoplasm|Extracellular,,Soluble,0.8004000186920166,0.4878999888896942,0.7196999788284302,0.061400000005960464,0.39500001072883606,0.011800000444054604,0.0982000008225441,0.12359999865293503,0.13420000672340393,0.03200000151991844,0.26930001378059387,0.03709999844431877,0.20649999380111694,0.8744999766349792
jgi_Cercru1_2939796_gm1.8175_g,Cytoplasm|Extracellular,,Soluble,0.6851999759674072,0.478300005197525,0.6875,0.1143999993801117,0.3801000118255615,0.0608999989926815,0.03970000147819519,0.1145000010728836,0.10949999839067459,0.031599998474121094,0.3109000027179718,0.01940000057220459,0.17649999260902405,0.8824999928474426
jgi_Tramey1_1013932_gm1.9611_g,Extracellular,,Soluble,0.4611000120639801,0.36880001425743103,0.6065999865531921,0.20440000295639038,0.4426000118255615,0.01769999973475933,0.0917000025510788,0.14090000092983246,0.2320999950170517,0.12080000340938568,0.3278999924659729,0.03240000084042549,0.2720000147819519,0.9056000113487244
jgi_Pismi_AB1_1_1098592_fgenesh1_kg.4___3688___TRINITY_DN2699_c0_g1_i1,Cytoplasm|Extracellular,,Soluble,0.6187999844551086,0.41130000352859497,0.6775000095367432,0.31869998574256897,0.41920000314712524,0.07670000195503235,0.09319999814033508,0.3479999899864197,0.3440999984741211,0.053599998354911804,0.3465999960899353,0.0333000011742115,0.251800000667572,0.8787000179290771
jgi_Tramax1_336724_CE336723_1181,Cytoplasm|Extracellular,Peroxisomal targeting signal,Soluble,0.6140000224113464,0.4781000018119812,0.8501999974250793,0.23019999265670776,0.44369998574256897,0.042500000447034836,0.09049999713897705,0.17980000376701355,0.26589998602867126,0.259799987077713,0.39329999685287476,0.023099999874830246,0.25679999589920044,0.8962000012397766
jgi_Lacsub1_1211756_fgenesh1_kg.30___717___TRINITY_DN6950_c6_g5_i1,Cytoplasm|Extracellular,Nuclear localization signal,Soluble,0.5489000082015991,0.4968000054359436,0.6711999773979187,0.25270000100135803,0.4952000081539154,0.034699998795986176,0.06729999929666519,0.12559999525547028,0.10090000182390213,0.012199999764561653,0.41370001435279846,0.06129999831318855,0.2134000062942505,0.8277000188827515
jgi_Lacsub1_1211789_fgenesh1_kg.30___750___TRINITY_DN6950_c6_g5_i1,Cytoplasm|Nucleus|Extracellular,Nuclear localization signal,Soluble,0.527999997138977,0.5411999821662903,0.6905999779701233,0.2224999964237213,0.4975999891757965,0.021700000390410423,0.06419999897480011,0.0820000022649765,0.06689999997615814,0.02070000022649765,0.320499986410141,0.07569999992847443,0.1761000007390976,0.8327999711036682
jgi_Lacsub1_1211835_fgenesh1_kg.30___796___TRINITY_DN6950_c6_g1_i1,Cytoplasm|Nucleus|Extracellular,Nuclear localization signal,Soluble,0.5127000212669373,0.5616999864578247,0.6845999956130981,0.19179999828338623,0.513700008392334,0.029100000858306885,0.06509999930858612,0.09780000150203705,0.07880000025033951,0.013500000350177288,0.4099999964237213,0.07249999791383743,0.195700004696846,0.817799985408783
jgi_Spalat1_734472_e_gw1.35.12.1,Cytoplasm|Nucleus|Extracellular,Nuclear localization signal,Soluble,0.65420001745224,0.5598000288009644,0.6678000092506409,0.13330000638961792,0.2734000086784363,0.029100000858306885,0.08389999717473984,0.12060000002384186,0.08699999749660492,0.007199999876320362,0.37059998512268066,0.02199999988079071,0.2639000117778778,0.8687999844551086
jgi_Spalat1_734482_e_gw1.35.69.1,Cytoplasm|Nucleus,,Soluble,0.5023000240325928,0.5613999962806702,0.33329999446868896,0.020899999886751175,0.36160001158714294,0.1289999932050705,0.20999999344348907,0.19339999556541443,0.25769999623298645,0.07540000230073929,0.46810001134872437,0.20430000126361847,0.05180000141263008,0.7487999796867371
jgi_Ptegra1_557421_fgenesh1_kg.1___662___Locus11731v1rpkm2.63,Cytoplasm|Extracellular,,Soluble,0.5669999718666077,0.34860000014305115,0.7760000228881836,0.1046999990940094,0.12110000103712082,0.11810000240802765,0.07079999893903732,0.1454000025987625,0.16779999434947968,0.07699999958276749,0.4278999865055084,0.03700000047683716,0.28360000252723694,0.8676999807357788
jgi_Creces1_788500_CE788499_661,Extracellular,Signal peptide,Soluble,0.25870001316070557,0.27489998936653137,0.9441999793052673,0.05640000104904175,0.22609999775886536,0.18729999661445618,0.03799999877810478,0.08330000191926956,0.09589999914169312,0.04439999908208847,0.5016999840736389,0.06340000033378601,0.2581999897956848,0.7870000004768372
jgi_PleosDSM11191_1_1389302_fgenesh1_kg.65___274___TRINITY_DN4603_c0_g1_i1,Cytoplasm|Extracellular,Nuclear localization signal,Soluble,0.6417999863624573,0.46869999170303345,0.805400013923645,0.28139999508857727,0.27140000462532043,0.007400000002235174,0.04019999876618385,0.10289999842643738,0.14020000398159027,0.021199999377131462,0.3621000051498413,0.020800000056624413,0.2240000069141388,0.8903999924659729
jgi_Serbor1_321324_CE321323_1946,Cytoplasm|Nucleus,,Soluble,0.5645999908447266,0.5092999935150146,0.5382000207901001,0.07020000368356705,0.1793999969959259,0.007199999876320362,0.11729999631643295,0.0617000013589859,0.1151999980211258,0.24729999899864197,0.2750999927520752,0.3747999966144562,0.13120000064373016,0.680899977684021
jgi_Serbor1_321464_CE321463_9628,Cytoplasm|Extracellular,Nuclear localization signal,Soluble,0.651199996471405,0.43689998984336853,0.7756999731063843,0.16040000319480896,0.23029999434947968,0.017999999225139618,0.07880000025033951,0.15360000729560852,0.15060000121593475,0.010300000198185444,0.2459000051021576,0.03920000046491623,0.155799999833107,0.8971999883651733
jgi_Serbor1_1718465_e_gw1.99.2.1,Extracellular,,Soluble,0.46209999918937683,0.39419999718666077,0.6992999911308289,0.12229999899864197,0.34220001101493835,0.003599999938160181,0.04050000011920929,0.14429999887943268,0.11020000278949738,0.1289999932050705,0.38589999079704285,0.039400000125169754,0.25529998540878296,0.8192999958992004
jgi_Serbor1_689602_CE689601_2377,Nucleus|Extracellular,,Soluble,0.4106000065803528,0.555400013923645,0.6732000112533569,0.1671999990940094,0.3977000117301941,0.014499999582767487,0.09179999679327011,0.13650000095367432,0.09629999846220016,0.013199999928474426,0.43479999899864197,0.0869000032544136,0.5324000120162964,0.7821000218391418
jgi_Serbor1_689791_CE689790_1646,Cytoplasm|Extracellular,,Soluble,0.6171000003814697,0.4526999890804291,0.7278000116348267,0.1543000042438507,0.28209999203681946,0.015300000086426735,0.08209999650716782,0.16099999845027924,0.1582999974489212,0.010200000368058681,0.32420000433921814,0.041200000792741776,0.28049999475479126,0.8676999807357788
jgi_Serbor1_1827247_fgenesh1_kg.265___52___TRINITY_DN401_c0_g1_i11,Cytoplasm|Extracellular,,Soluble,0.6288999915122986,0.44920000433921814,0.7451000213623047,0.17010000348091125,0.2971000075340271,0.01209999993443489,0.08139999955892563,0.13860000669956207,0.13989999890327454,0.010400000028312206,0.32829999923706055,0.0357000008225441,0.3102000057697296,0.8726999759674072
jgi_Serbor1_1848073_estExt_Genewise1Plus.C_1300040,Cytoplasm|Extracellular,Nuclear localization signal,Soluble,0.6305999755859375,0.46320000290870667,0.7293000221252441,0.2045000046491623,0.26269999146461487,0.02160000056028366,0.08240000158548355,0.17239999771118164,0.15369999408721924,0.009200000204145908,0.34200000762939453,0.041600000113248825,0.25999999046325684,0.8604999780654907
jgi_Serbor1_1870416_gm1.13690_g,Cytoplasm|Extracellular,Signal peptide,Soluble,0.6320000290870667,0.2937000095844269,0.8925999999046326,0.10289999842643738,0.2004999965429306,0.043299999088048935,0.09359999746084213,0.21660000085830688,0.1834000051021576,0.052299998700618744,0.3765000104904175,0.041600000113248825,0.3303000032901764,0.8547999858856201
jgi_Serbor1_1870684_gm1.13958_g,Extracellular,,Soluble,0.46209999918937683,0.39419999718666077,0.6992999911308289,0.12229999899864197,0.34220001101493835,0.003599999938160181,0.04050000011920929,0.14429999887943268,0.11020000278949738,0.1289999932050705,0.38589999079704285,0.039400000125169754,0.25529998540878296,0.8192999958992004
jgi_Serbor1_1872343_gm1.15617_g,Nucleus|Extracellular,,Transmembrane|Soluble,0.29120001196861267,0.507099986076355,0.6272000074386597,0.19439999759197235,0.3228999972343445,0.0568000003695488,0.33180001378059387,0.15410000085830688,0.3089999854564667,0.5236999988555908,0.3587000072002411,0.5127999782562256,0.22179999947547913,0.5408999919891357
jgi_Serbor1_1899659_estExt_Genemark1.C_2650002,Cytoplasm|Extracellular,Nuclear localization signal,Soluble,0.5745000243186951,0.45509999990463257,0.8003000020980835,0.17239999771118164,0.32420000433921814,0.02410000003874302,0.07249999791383743,0.12319999933242798,0.16500000655651093,0.005499999970197678,0.4075999855995178,0.0357000008225441,0.3434000015258789,0.8580999970436096
jgi_Serbor1_1932695_MIX32394_3851_62,Cytoplasm|Extracellular,,Soluble,0.4943000078201294,0.48260000348091125,0.640999972820282,0.13689999282360077,0.32199999690055847,0.01720000058412552,0.04650000110268593,0.0917000025510788,0.10040000081062317,0.046799998730421066,0.27709999680519104,0.04919999837875366,0.29260000586509705,0.8658999800682068
jgi_Cytmel1_219606_CE219605_29787,Cytoplasm|Extracellular,,Soluble,0.5827000141143799,0.38580000400543213,0.9319000244140625,0.1137000024318695,0.19120000302791595,0.02419999986886978,0.03180000185966492,0.08320000022649765,0.03909999877214432,0.025800000876188278,0.31150001287460327,0.02329999953508377,0.2240999937057495,0.888700008392334
jgi_Obbri1_189930_CE189929_463,Cytoplasm|Extracellular,Nuclear localization signal,Soluble,0.6801999807357788,0.439300000667572,0.6384000182151794,0.21209999918937683,0.31459999084472656,0.013100000098347664,0.12020000070333481,0.18520000576972961,0.23090000450611115,0.015699999406933784,0.3375000059604645,0.029899999499320984,0.243599995970726,0.8694000244140625
jgi_Obbri1_724008_e_gw1.21.173.1,Cytoplasm|Nucleus,Nuclear localization signal,Soluble,0.6410999894142151,0.6337000131607056,0.1996999979019165,0.18610000610351562,0.25760000944137573,0.021199999377131462,0.14489999413490295,0.023000000044703484,0.08990000188350677,0.0210999995470047,0.2874999940395355,0.25949999690055847,0.373199999332428,0.7832000255584717
jgi_Obbri1_862642_MIX22168_362_79,Extracellular,,Soluble,0.4745999872684479,0.34459999203681946,0.7821000218391418,0.2870999872684479,0.42250001430511475,0.006099999882280827,0.08139999955892563,0.26989999413490295,0.26080000400543213,0.023800000548362732,0.5378999710083008,0.018799999728798866,0.36169999837875366,0.8363999724388123
jgi_Trabet1_845770_fgenesh1_kg.52___99___TRINITY_DN6062_c0_g1_i2,Extracellular,,Soluble,0.4607999920845032,0.4221999943256378,0.8450999855995178,0.12770000100135803,0.18240000307559967,0.07890000194311142,0.02419999986886978,0.08540000021457672,0.03220000118017197,0.01080000028014183,0.30320000648498535,0.03539999946951866,0.323199987411499,0.8834999799728394
jgi_Hydpi2_169438_fgenesh1_pg.25___18,Cytoplasm|Extracellular,,Soluble,0.5336999893188477,0.414000004529953,0.8047999739646912,0.19920000433921814,0.4546000063419342,0.03229999914765358,0.11919999867677689,0.18569999933242798,0.19550000131130219,0.0203000009059906,0.376800000667572,0.05770000070333481,0.25209999084472656,0.8292999863624573
jgi_Rusrug1_1191120_estExt_Genemark1.C_3620002,Extracellular,,Soluble,0.2651999890804291,0.43459999561309814,0.9027000069618225,0.11760000139474869,0.4180999994277954,0.12800000607967377,0.039900001138448715,0.13529999554157257,0.10830000042915344,0.051600001752376556,0.3091000020503998,0.06319999694824219,0.22259999811649323,0.8366000056266785
jgi_Rusrug1_922004_e_gw1.147.19.1,Extracellular,Signal peptide,Soluble,0.26820001006126404,0.28839999437332153,0.9495999813079834,0.06030000001192093,0.2892000079154968,0.1517000049352646,0.040300000458955765,0.07599999755620956,0.028699999675154686,0.05550000071525574,0.4000999927520752,0.040699999779462814,0.28529998660087585,0.8343999981880188
jgi_Rusrug1_925929_e_gw1.362.13.1,Extracellular,Signal peptide,Soluble,0.2689000070095062,0.33079999685287476,0.9502999782562256,0.07119999825954437,0.31610000133514404,0.17010000348091125,0.03779999911785126,0.125,0.0934000015258789,0.06809999793767929,0.40860000252723694,0.04390000179409981,0.3003999888896942,0.8209999799728394
jgi_Rusrug1_1001040_fgenesh1_kg.147___108___TRINITY_DN26466_c1_g1_i2,Cytoplasm|Extracellular,Nuclear localization signal,Soluble,0.6323999762535095,0.4708000123500824,0.6201000213623047,0.2856999933719635,0.5235999822616577,0.023399999365210533,0.14020000398159027,0.226500004529953,0.30300000309944153,0.011699999682605267,0.34139999747276306,0.04039999842643738,0.4129999876022339,0.8496000170707703
jgi_Hetan2_148469_Hetan1.estExt_fgenesh3_kg.C_110095,Cytoplasm|Extracellular,,Soluble,0.5429999828338623,0.33869999647140503,0.7605999708175659,0.23729999363422394,0.31690001487731934,0.01600000075995922,0.04919999837875366,0.19140000641345978,0.1876000016927719,0.04050000011920929,0.4074999988079071,0.02669999934732914,0.1979999989271164,0.8734999895095825
jgi_Chapip1_2925871_estExt_fgenesh1_pg.C_100091,Cytoplasm|Extracellular,,Soluble,0.5716000199317932,0.44690001010894775,0.6812000274658203,0.29109999537467957,0.4117000102996826,0.012799999676644802,0.06340000033378601,0.11710000038146973,0.21969999372959137,0.13169999420642853,0.489300012588501,0.0544000007212162,0.3068999946117401,0.8299999833106995
jgi_Chapip1_2937556_gm1.8701_g,Cytoplasm|Extracellular,Nuclear localization signal,Soluble,0.49410000443458557,0.47679999470710754,0.7116000056266785,0.3817000091075897,0.5594000220298767,0.027000000700354576,0.08389999717473984,0.13770000636577606,0.1340000033378601,0.011699999682605267,0.4758000075817108,0.05719999969005585,0.2865000069141388,0.8090999722480774
jgi_Clibor1_1154422_e_gw1.339.14.1,Cytoplasm|Extracellular,,Soluble,0.5820000171661377,0.40849998593330383,0.7833999991416931,0.3547999858856201,0.34880000352859497,0.014100000262260437,0.052000001072883606,0.18850000202655792,0.20819999277591705,0.016499999910593033,0.3310000002384186,0.0203000009059906,0.25940001010894775,0.8930000066757202
jgi_Clibor1_1192231_fgenesh1_kg.9___384___TRINITY_DN5174_c2_g3_i1,Cytoplasm|Extracellular,Nuclear localization signal,Soluble,0.6689000129699707,0.4339999854564667,0.7229999899864197,0.2802000045776367,0.33649998903274536,0.012400000356137753,0.07500000298023224,0.16740000247955322,0.1851000040769577,0.009200000204145908,0.3337000012397766,0.029100000858306885,0.23669999837875366,0.8791999816894531
jgi_Clibor1_1227935_fgenesh1_kg.51___227___TRINITY_DN4499_c1_g1_i3,Cytoplasm|Extracellular,,Soluble,0.6396999955177307,0.4180999994277954,0.7551000118255615,0.3199000060558319,0.36090001463890076,0.01860000006854534,0.06939999759197235,0.2289000004529953,0.24230000376701355,0.020800000056624413,0.32010000944137573,0.025499999523162842,0.28450000286102295,0.8838000297546387
jgi_Clibor1_1227914_fgenesh1_kg.51___206___TRINITY_DN4499_c1_g1_i3,Cytoplasm|Extracellular,,Soluble,0.5299000144004822,0.40299999713897705,0.8240000009536743,0.2606000006198883,0.36910000443458557,0.014399999752640724,0.06880000233650208,0.23100000619888306,0.2152000069618225,0.0632999986410141,0.3257000148296356,0.023900000378489494,0.26100000739097595,0.9007999897003174
jgi_Clibor1_1428831_estExt_Genemark1.C_170196,Cytoplasm|Extracellular,,Soluble,0.6144000291824341,0.29580000042915344,0.8866999745368958,0.15790000557899475,0.2736000120639801,0.006200000178068876,0.07970000058412552,0.11169999837875366,0.14659999310970306,0.033900000154972076,0.21539999544620514,0.05810000002384186,0.19280000030994415,0.8665000200271606
jgi_Paxam1_1014777_gm1.8368_g,Extracellular,,Soluble,0.41440001130104065,0.22220000624656677,0.9024999737739563,0.13650000095367432,0.32120001316070557,0.17190000414848328,0.03420000150799751,0.12280000001192093,0.0754999965429306,0.1071000024676323,0.2793000042438507,0.037300001829862595,0.21719999611377716,0.8862000107765198
jgi_Monpe1_1_83513_MPER_08048m.01,Nucleus|Mitochondrion,,Soluble,0.36079999804496765,0.5767999887466431,0.47429999709129333,0.15320000052452087,0.7139999866485596,0.051500000059604645,0.20759999752044678,0.042500000447034836,0.11500000208616257,0.011699999682605267,0.3197999894618988,0.2944999933242798,0.2745000123977661,0.6353999972343445
jgi_Monpe1_1_83795_MPER_08358m.01,Nucleus,,Soluble,0.39959999918937683,0.44449999928474426,0.4941999912261963,0.17630000412464142,0.453900009393692,0.01899999938905239,0.08799999952316284,0.11349999904632568,0.11330000311136246,0.010499999858438969,0.5210000276565552,0.09459999948740005,0.6705999970436096,0.6995000243186951
jgi_Monpe1_1_84536_MPER_09181m.01,Cytoplasm,,Soluble,0.6373999714851379,0.44269999861717224,0.37059998512268066,0.10790000110864639,0.5468000173568726,0.021299999207258224,0.052299998700618744,0.06530000269412994,0.017999999225139618,0.009200000204145908,0.4456999897956848,0.1136000007390976,0.19329999387264252,0.7389000058174133
jgi_Monpe1_1_86512_MPER_11381m.01,Cytoplasm|Extracellular,Nuclear localization signal,Soluble,0.5996000170707703,0.4180000126361847,0.7591999769210815,0.33000001311302185,0.3156999945640564,0.012299999594688416,0.025800000876188278,0.11710000038146973,0.16349999606609344,0.009700000286102295,0.3521000146865845,0.023399999365210533,0.2071000039577484,0.891700029373169
jgi_Monpe1_1_91804_MPER_04618m.01,Cytoplasm|Nucleus,Peroxisomal targeting signal,Soluble,0.557699978351593,0.6255000233650208,0.5691999793052673,0.10480000078678131,0.24079999327659607,0.041999999433755875,0.053599998354911804,0.16599999368190765,0.15710000693798065,0.2134999930858612,0.29420000314712524,0.04520000144839287,0.3666999936103821,0.8705000281333923
jgi_Monpe1_1_92526_MPER_05430m.01,Nucleus|Extracellular|Mitochondrion,,Soluble,0.2249000072479248,0.5109999775886536,0.7161999940872192,0.17630000412464142,0.635200023651123,0.028999999165534973,0.20010000467300415,0.15690000355243683,0.1898999959230423,0.10409999638795853,0.299699991941452,0.12960000336170197,0.15449999272823334,0.7730000019073486
jgi_Serla_varsha1_57805_gw1.862.2.1,Cytoplasm,,Soluble,0.5253999829292297,0.45739999413490295,0.09059999883174896,0.423799991607666,0.3937999904155731,0.009399999864399433,0.1987999975681305,0.2953000068664551,0.25060001015663147,0.0364999994635582,0.5728999972343445,0.15690000355243683,0.27129998803138733,0.7321000099182129
jgi_Dicsqu464_2_2907321_e_gw1.13.846.1,Nucleus,,Soluble,0.4034999907016754,0.49320000410079956,0.42809998989105225,0.16940000653266907,0.4235000014305115,0.006899999920278788,0.09860000014305115,0.06310000270605087,0.06279999762773514,0.05350000038743019,0.17659999430179596,0.062199998646974564,0.21379999816417694,0.8582000136375427
jgi_Lanmao1_5926_Chromoboletusautipes.03785,Nucleus,,Soluble,0.328000009059906,0.6758999824523926,0.2969000041484833,0.13369999825954437,0.45730000734329224,0.062300000339746475,0.0908999964594841,0.08100000023841858,0.04349999874830246,0.0544000007212162,0.35519999265670776,0.13989999890327454,0.06809999793767929,0.7645999789237976
jgi_Lanmao1_7528_Chromoboletusautipes.05188,Extracellular,,Soluble,0.451200008392334,0.4781000018119812,0.5952000021934509,0.13940000534057617,0.39239999651908875,0.016899999231100082,0.30090001225471497,0.09139999747276306,0.11410000175237656,0.05719999969005585,0.19629999995231628,0.3540000021457672,0.07000000029802322,0.6561999917030334
jgi_Lanmao1_9032_Chromoboletusautipes.07376,Cytoplasm|Nucleus,Nuclear localization signal,Soluble,0.708299994468689,0.570900022983551,0.6018999814987183,0.16930000483989716,0.3499000072479248,0.025499999523162842,0.08619999885559082,0.2948000133037567,0.18520000576972961,0.04839999973773956,0.24160000681877136,0.03280000016093254,0.22920000553131104,0.9085999727249146
jgi_Lanmao1_9180_Chromoboletusautipes.07477,Cytoplasm|Nucleus,Nuclear localization signal,Soluble,0.6901999711990356,0.555899977684021,0.6161999702453613,0.17190000414848328,0.3635999858379364,0.025800000876188278,0.08110000193119049,0.2815000116825104,0.17249999940395355,0.051500000059604645,0.2809000015258789,0.030899999663233757,0.23409999907016754,0.9049000144004822
jgi_Hygaur1_1102255_fgenesh1_pg.145___22,Cytoplasm|Extracellular,,Soluble,0.6650999784469604,0.34139999747276306,0.6779999732971191,0.3059999942779541,0.37380000948905945,0.003100000089034438,0.11590000241994858,0.23890000581741333,0.18529999256134033,0.011599999852478504,0.33570000529289246,0.028999999165534973,0.28119999170303345,0.8654000163078308
jgi_Hygaur1_1106052_fgenesh1_pg.622___5,Cytoplasm|Extracellular,Nuclear localization signal,Soluble,0.7437000274658203,0.366100013256073,0.6791999936103821,0.14980000257492065,0.37389999628067017,0.017799999564886093,0.0763000026345253,0.23270000517368317,0.22779999673366547,0.066600002348423,0.30959999561309814,0.04769999906420708,0.24969999492168427,0.8758999705314636
jgi_Hygaur1_1157025_fgenesh1_kg.214___42___Locus11352v2rpkm5.36,Extracellular,Nuclear localization signal,Soluble,0.39969998598098755,0.4593000113964081,0.6043000221252441,0.155799999833107,0.40849998593330383,0.025800000876188278,0.18979999423027039,0.09839999675750732,0.2766000032424927,0.003100000089034438,0.5909000039100647,0.11659999936819077,0.18129999935626984,0.7592999935150146
jgi_Hygaur1_1161011_fgenesh1_kg.354___18___Locus3959v1rpkm59.13,Cytoplasm|Extracellular,,Soluble,0.6718999743461609,0.34940001368522644,0.718999981880188,0.16120000183582306,0.3756999969482422,0.02290000021457672,0.07729999721050262,0.26010000705718994,0.19380000233650208,0.0934000015258789,0.25459998846054077,0.040699999779462814,0.2619999945163727,0.8984000086784363
jgi_Hygaur1_1164082_fgenesh1_kg.535___32___Locus217v1rpkm822.96,Cytoplasm|Extracellular,,Soluble,0.6317999958992004,0.32010000944137573,0.8118000030517578,0.26600000262260437,0.25279998779296875,0.016499999910593033,0.04230000078678131,0.18140000104904175,0.15320000052452087,0.023900000378489494,0.273499995470047,0.03669999912381172,0.289000004529953,0.8792999982833862
jgi_Hygaur1_1164298_fgenesh1_kg.550___40___Locus315v2rpkm118.86,Cytoplasm,,Soluble,0.5360000133514404,0.42899999022483826,0.37770000100135803,0.06430000066757202,0.40310001373291016,0.024800000712275505,0.07660000026226044,0.19920000433921814,0.1534000039100647,0.030700000002980232,0.3736000061035156,0.04659999907016754,0.1477999985218048,0.864799976348877
jgi_Hygaur1_1164280_fgenesh1_kg.550___22___Locus535v2rpkm55.84,Cytoplasm|Extracellular,,Soluble,0.5002999901771545,0.2669000029563904,0.8374999761581421,0.22190000116825104,0.304500013589859,0.045499999076128006,0.029200000688433647,0.12929999828338623,0.0575999990105629,0.01899999938905239,0.3336000144481659,0.053300000727176666,0.30720001459121704,0.8569999933242798
jgi_Hygaur1_1164288_fgenesh1_kg.550___30___Locus11419v1rpkm7.85,Extracellular,Signal peptide,Soluble,0.46790000796318054,0.2680000066757202,0.9430000185966492,0.09139999747276306,0.121799997985363,0.03790000081062317,0.06800000369548798,0.05829999968409538,0.11620000004768372,0.05649999901652336,0.2939000129699707,0.056299999356269836,0.2126999944448471,0.8565999865531921
jgi_Hygaur1_1164907_fgenesh1_kg.622___34___Locus1137v1rpkm212.23,Cytoplasm|Extracellular,,Soluble,0.489300012588501,0.21699999272823334,0.8611000180244446,0.20069999992847443,0.24469999969005585,0.011300000362098217,0.02539999969303608,0.12549999356269836,0.07169999927282333,0.01600000075995922,0.26649999618530273,0.039500001817941666,0.2825999855995178,0.8729000091552734
jgi_Hygaur1_1164886_fgenesh1_kg.622___13___Locus1327v1rpkm182.11,Extracellular,Signal peptide,Soluble,0.3192000091075897,0.1371999979019165,0.9363999962806702,0.11699999868869781,0.20800000429153442,0.011599999852478504,0.023900000378489494,0.10520000010728836,0.050200000405311584,0.02419999986886978,0.2741999924182892,0.04309999942779541,0.29919999837875366,0.8658999800682068
jgi_Hygaur1_1165900_fgenesh1_kg.767___2___Locus18623v2rpkm0.18,Cytoplasm|Extracellular,,Soluble,0.5034000277519226,0.4657000005245209,0.7605999708175659,0.2962000072002411,0.383899986743927,0.04149999842047691,0.08839999884366989,0.2741999924182892,0.17059999704360962,0.019099999219179153,0.24660000205039978,0.07859999686479568,0.5059999823570251,0.8913999795913696
jgi_Hygaur1_1166697_fgenesh1_kg.925___7___Locus3959v1rpkm59.13,Cytoplasm|Extracellular,Peroxisomal targeting signal,Soluble,0.6819999814033508,0.30239999294281006,0.6450999975204468,0.11100000143051147,0.323199987411499,0.02979999966919422,0.041200000792741776,0.3352000117301941,0.2004999965429306,0.06949999928474426,0.32589998841285706,0.03840000182390213,0.22470000386238098,0.8799999952316284
jgi_Hygaur1_1166711_fgenesh1_kg.925___21___Locus12730v1rpkm5.24,Cytoplasm|Extracellular,Signal peptide,Soluble,0.4871000051498413,0.22339999675750732,0.6607000231742859,0.14740000665187836,0.48969998955726624,0.11309999972581863,0.1307000070810318,0.05990000069141388,0.13230000436306,0.12229999899864197,0.3562999963760376,0.2215999960899353,0.15029999613761902,0.7915999889373779
jgi_Hygaur1_1166992_fgenesh1_kg.988___3___Locus1603v1rpkm150.37,Extracellular,Signal peptide,Soluble,0.3005000054836273,0.12780000269412994,0.9527999758720398,0.11940000206232071,0.17579999566078186,0.010499999858438969,0.019300000742077827,0.05209999904036522,0.025100000202655792,0.021900000050663948,0.27570000290870667,0.04039999842643738,0.24969999492168427,0.8604000210762024
jgi_Hygaur1_1167771_fgenesh1_kg.1235___6___Locus1035v2rpkm174.43,Cytoplasm|Extracellular,,Soluble,0.7228999733924866,0.4016000032424927,0.6743000149726868,0.17409999668598175,0.35929998755455017,0.02280000038444996,0.04659999907016754,0.17919999361038208,0.18150000274181366,0.07980000227689743,0.3156999945640564,0.04089999943971634,0.2676999866962433,0.8827999830245972
jgi_Hygaur1_1167895_fgenesh1_kg.1283___10___Locus217v1rpkm822.96,Cytoplasm|Extracellular,,Soluble,0.6653000116348267,0.33889999985694885,0.7648000121116638,0.2282000035047531,0.34310001134872437,0.009999999776482582,0.08229999989271164,0.21719999611377716,0.15559999644756317,0.024900000542402267,0.3046000003814697,0.03920000046491623,0.34049999713897705,0.864300012588501
jgi_Hygaur1_1168331_fgenesh1_kg.1477___9___Locus12730v1rpkm5.24,Cytoplasm,,Soluble,0.5422999858856201,0.32600000500679016,0.542900025844574,0.11909999698400497,0.3799000084400177,0.10819999873638153,0.07029999792575836,0.04529999941587448,0.11129999905824661,0.12720000743865967,0.36660000681877136,0.2295999974012375,0.08940000087022781,0.8054999709129333
jgi_Hygaur1_1168496_fgenesh1_kg.1583___4___Locus1035v2rpkm174.43,Cytoplasm|Extracellular,,Soluble,0.7228999733924866,0.4016000032424927,0.6743000149726868,0.17409999668598175,0.35929998755455017,0.02280000038444996,0.04659999907016754,0.17919999361038208,0.18150000274181366,0.07980000227689743,0.3156999945640564,0.04089999943971634,0.2676999866962433,0.8827999830245972
jgi_Hygaur1_1168858_fgenesh1_kg.1983___5___Locus1137v1rpkm212.23,Cytoplasm,,Soluble,0.7099000215530396,0.3952000141143799,0.6147000193595886,0.22190000116825104,0.3156000077724457,0.014000000432133675,0.07400000095367432,0.31790000200271606,0.23690000176429749,0.06549999862909317,0.25029999017715454,0.03720000013709068,0.2996000051498413,0.8777999877929688
jgi_Hygaur1_1168971_fgenesh1_kg.2269___1___Locus745v1rpkm305.97,Cytoplasm,,Soluble,0.4796999990940094,0.3416000008583069,0.3490999937057495,0.09860000014305115,0.35280001163482666,0.04050000011920929,0.07500000298023224,0.09759999811649323,0.1143999993801117,0.1574999988079071,0.36169999837875366,0.056699998676776886,0.35100001096725464,0.843500018119812
jgi_Hygaur1_163564_CE163563_435,Extracellular,Nuclear localization signal,Soluble,0.3370000123977661,0.46480000019073486,0.5952000021934509,0.11819999665021896,0.3353999853134155,0.021800000220537186,0.07240000367164612,0.09719999879598618,0.18950000405311584,0.002400000113993883,0.3190000057220459,0.08389999717473984,0.14350000023841858,0.8650000095367432
jgi_Hygaur1_720682_CE720681_597,Cytoplasm|Extracellular,,Soluble,0.6870999932289124,0.3456999957561493,0.7462000250816345,0.1906999945640564,0.29840001463890076,0.020800000056624413,0.06509999930858612,0.2863999903202057,0.19679999351501465,0.04800000041723251,0.28519999980926514,0.032499998807907104,0.2831000089645386,0.8759999871253967
jgi_Hygaur1_1017232_e_gw1.535.10.1,Cytoplasm,,Soluble,0.4408000111579895,0.3571999967098236,0.34040001034736633,0.13169999420642853,0.2858999967575073,0.01860000006854534,0.10029999911785126,0.12099999934434891,0.20600000023841858,0.06880000233650208,0.24650000035762787,0.1306000053882599,0.043699998408555984,0.8464000225067139
jgi_Hygaur1_1017358_e_gw1.550.1.1,Cytoplasm|Extracellular,,Soluble,0.578000009059906,0.31470000743865967,0.7242000102996826,0.20409999787807465,0.35989999771118164,0.16599999368190765,0.17059999704360962,0.2678999900817871,0.21070000529289246,0.093299999833107,0.2703999876976013,0.13089999556541443,0.1712000072002411,0.7749000191688538
jgi_Irplac1183_1_1338429_CE1338428_11229,Cytoplasm|Extracellular,,Soluble,0.6733999848365784,0.3149999976158142,0.8899000287055969,0.1624000072479248,0.3634999990463257,0.013000000268220901,0.04349999874830246,0.0786999985575676,0.19130000472068787,0.042399998754262924,0.4124000072479248,0.008799999952316284,0.34389999508857727,0.9108999967575073
jgi_Trave1_52920_gm1.11804_g,Cytoplasm|Extracellular,,Soluble,0.6026999950408936,0.41690000891685486,0.7897999882698059,0.14000000059604645,0.19259999692440033,0.052000001072883606,0.07400000095367432,0.16580000519752502,0.1386999934911728,0.07819999754428864,0.40709999203681946,0.0406000018119812,0.37709999084472656,0.8314999938011169
jgi_Geatri1_72358_gm1.4541_g,Cytoplasm|Extracellular,Nuclear localization signal,Soluble,0.6100999712944031,0.4733000099658966,0.8952000141143799,0.2151000052690506,0.4325999915599823,0.09600000083446503,0.049800001084804535,0.19040000438690186,0.2013999968767166,0.01850000023841858,0.265500009059906,0.022700000554323196,0.4668000042438507,0.920799970626831
jgi_Geatri1_72365_gm1.4548_g,Cytoplasm,,Soluble,0.5285000205039978,0.37709999084472656,0.2685000002384186,0.16300000250339508,0.28769999742507935,0.12330000102519989,0.06549999862909317,0.04340000078082085,0.03849999979138374,0.054099999368190765,0.15889999270439148,0.05209999904036522,0.2198999971151352,0.89410001039505
jgi_Trapub1_5034_scaffold_1568.5,Cytoplasm|Extracellular,,Soluble,0.48570001125335693,0.482699990272522,0.7548999786376953,0.15160000324249268,0.27790001034736633,0.031099999323487282,0.06539999693632126,0.1152999997138977,0.0723000019788742,0.02250000089406967,0.3005000054836273,0.08619999885559082,0.22830000519752502,0.7897999882698059
jgi_Crevar1_769707_e_gw1.44.171.1,Extracellular,Signal peptide,Soluble,0.22789999842643738,0.2842000126838684,0.9535999894142151,0.04749999940395355,0.2037999927997589,0.13289999961853027,0.036400001496076584,0.08049999922513962,0.08240000158548355,0.02410000003874302,0.4683000147342682,0.0544000007212162,0.2551000118255615,0.8158000111579895
jgi_Crevar1_838031_fgenesh1_pg.59___13,Extracellular,,Soluble,0.46470001339912415,0.4401000142097473,0.8666999936103821,0.03849999979138374,0.3483000099658966,0.042899999767541885,0.06759999692440033,0.0989999994635582,0.09640000015497208,0.02319999970495701,0.4352000057697296,0.026900000870227814,0.27950000762939453,0.8585000038146973
jgi_Leumo1_1050645_fgenesh1_pg.00284___4,Cytoplasm|Extracellular,Nuclear localization signal,Soluble,0.7160999774932861,0.49070000648498535,0.65829998254776,0.16820000112056732,0.34360000491142273,0.03840000182390213,0.07199999690055847,0.2906000018119812,0.21469999849796295,0.03480000048875809,0.361299991607666,0.03680000081658363,0.3815999925136566,0.8741999864578247
jgi_Leumo1_1097675_estExt_Genewise1.C_002360012,Cytoplasm|Extracellular,,Soluble,0.6678000092506409,0.4862000048160553,0.6194000244140625,0.16840000450611115,0.43209999799728394,0.01269999984651804,0.06210000067949295,0.2386000007390976,0.12030000239610672,0.021900000050663948,0.30239999294281006,0.03020000085234642,0.27000001072883606,0.8967999815940857
jgi_Leumo1_1099592_estExt_Genewise1.C_003440013,Cytoplasm|Extracellular,,Soluble,0.6574000120162964,0.3614000082015991,0.6868000030517578,0.16189999878406525,0.42660000920295715,0.04390000179409981,0.07159999758005142,0.2637999951839447,0.2513999938964844,0.027300000190734863,0.3822000026702881,0.046799998730421066,0.37070000171661377,0.8525999784469604
jgi_Leumo1_1130958_gm1.6857_g,Cytoplasm|Extracellular,,Soluble,0.6859999895095825,0.3921000063419342,0.7423999905586243,0.25440001487731934,0.3537999987602234,0.03480000048875809,0.12720000743865967,0.2502000033855438,0.2662999927997589,0.04839999973773956,0.41190001368522644,0.02979999966919422,0.3327000141143799,0.8654999732971191
jgi_Leumo1_1133906_gm1.9805_g,Cytoplasm|Extracellular,,Soluble,0.5476999878883362,0.35260000824928284,0.6191999912261963,0.1687999963760376,0.3188999891281128,0.01889999955892563,0.09880000352859497,0.37540000677108765,0.1770000010728836,0.03579999879002571,0.3700000047683716,0.03660000115633011,0.3068999946117401,0.8748999834060669
jgi_Leumo1_1133910_gm1.9809_g,Cytoplasm|Extracellular,,Soluble,0.6557999849319458,0.34529998898506165,0.6934999823570251,0.20149999856948853,0.4496999979019165,0.05209999904036522,0.04479999840259552,0.2092999964952469,0.16419999301433563,0.028999999165534973,0.28940001130104065,0.051600001752376556,0.3546999990940094,0.8707000017166138
jgi_Leumo1_1134698_gm1.10597_g,Cytoplasm|Extracellular,,Soluble,0.6353999972343445,0.36320000886917114,0.8075000047683716,0.3059999942779541,0.4341000020503998,0.06560000032186508,0.05640000104904175,0.16680000722408295,0.1152999997138977,0.03720000013709068,0.3375999927520752,0.03700000047683716,0.3939000070095062,0.8889999985694885
jgi_Leumo1_1006919_e_gw1.00040.123.1,Nucleus,Nuclear localization signal,Soluble,0.2361000031232834,0.5392000079154968,0.31779998540878296,0.10029999911785126,0.555899977684021,0.01140000019222498,0.06109999865293503,0.07699999958276749,0.1006999984383583,0.00989999994635582,0.3431999981403351,0.0575999990105629,0.18520000576972961,0.8756999969482422
jgi_Leumo1_1015671_e_gw1.00130.67.1,Cytoplasm|Extracellular,Nuclear localization signal,Soluble,0.6783000230789185,0.4020000100135803,0.7310000061988831,0.26750001311302185,0.3287000060081482,0.03269999846816063,0.12780000269412994,0.23600000143051147,0.2831000089645386,0.042100001126527786,0.4277999997138977,0.02930000051856041,0.362199991941452,0.8611999750137329
jgi_Leumo1_1031757_fgenesh1_kg.00040___19___Locus536v1rpkm315.72,Cytoplasm|Extracellular,,Soluble,0.6992999911308289,0.3151000142097473,0.6787999868392944,0.19939999282360077,0.28769999742507935,0.011300000362098217,0.09109999984502792,0.2913999855518341,0.22579999268054962,0.0333000011742115,0.27570000290870667,0.03220000118017197,0.31279999017715454,0.8826000094413757
jgi_Leumo1_1031743_fgenesh1_kg.00040___5___Locus2113v1rpkm83.23,Cytoplasm,,Soluble,0.6147000193595886,0.27559998631477356,0.5503000020980835,0.2296999990940094,0.23759999871253967,0.016200000420212746,0.13429999351501465,0.28349998593330383,0.25870001316070557,0.023499999195337296,0.271699994802475,0.05040000006556511,0.4433000087738037,0.867900013923645
jgi_Leumo1_1040248_fgenesh1_kg.00278___24___Locus808v1rpkm211.63,Cytoplasm|Extracellular,,Soluble,0.6985999941825867,0.3617999851703644,0.6248999834060669,0.1987999975681305,0.27559998631477356,0.01679999940097332,0.10649999976158142,0.27480000257492065,0.3100000023841858,0.03180000185966492,0.2806999981403351,0.04039999842643738,0.337799996137619,0.8662999868392944
jgi_Leumo1_1041010_fgenesh1_kg.00344___8___Locus2477v1rpkm70.39,Cytoplasm|Extracellular,,Soluble,0.6549999713897705,0.41659998893737793,0.6699000000953674,0.17100000381469727,0.37619999051094055,0.028200000524520874,0.08349999785423279,0.3199000060558319,0.17430000007152557,0.023099999874830246,0.38519999384880066,0.04800000041723251,0.3465999960899353,0.8396000266075134
jgi_Leumo1_1041657_fgenesh1_kg.00435___13___Locus3688v1rpkm45.22,Cytoplasm|Extracellular,,Soluble,0.7311999797821045,0.36000001430511475,0.7085999846458435,0.1665000021457672,0.36469998955726624,0.03200000151991844,0.0892999991774559,0.2897999882698059,0.1809999942779541,0.0340999998152256,0.24580000340938568,0.042500000447034836,0.1873999983072281,0.8744000196456909
jgi_Leumo1_1042072_fgenesh1_kg.00558___15___Locus536v1rpkm315.72,Cytoplasm|Extracellular,,Soluble,0.6923999786376953,0.3564999997615814,0.6467000246047974,0.23649999499320984,0.3257000148296356,0.014600000344216824,0.11330000311136246,0.36820000410079956,0.28949999809265137,0.050599999725818634,0.2851000130176544,0.03700000047683716,0.38499999046325684,0.8741999864578247
jgi_Mutel1_1092781_estExt_fgenesh1_pg.C_270012,Extracellular,,Soluble,0.430400013923645,0.3253999948501587,0.7197999954223633,0.29159998893737793,0.3772999942302704,0.05649999901652336,0.0625,0.17399999499320984,0.18569999933242798,0.01489999983459711,0.43630000948905945,0.04129999876022339,0.303600013256073,0.8185999989509583
jgi_Lepnud1_1174238_e_gw1.121.12.1,Cytoplasm|Extracellular,Nuclear localization signal,Soluble,0.6189000010490417,0.4259999990463257,0.7824000120162964,0.322299987077713,0.2867000102996826,0.008999999612569809,0.0551999993622303,0.15860000252723694,0.19169999659061432,0.01600000075995922,0.36489999294281006,0.02199999988079071,0.26510000228881836,0.8797000050544739
jgi_Dicsqu463_1_869446_e_gw1.245.47.1,Extracellular,,Soluble,0.3531000018119812,0.4489000141620636,0.7412999868392944,0.27649998664855957,0.22990000247955322,0.010200000368058681,0.12600000202655792,0.10679999738931656,0.04639999940991402,0.07109999656677246,0.2833999991416931,0.05130000039935112,0.24560000002384186,0.8422999978065491
jgi_Dicsqu18370_1_667277_e_gw1.59.43.1,Extracellular,,Soluble,0.3531000018119812,0.4489000141620636,0.7412999868392944,0.27649998664855957,0.22990000247955322,0.010200000368058681,0.12600000202655792,0.10679999738931656,0.04639999940991402,0.07109999656677246,0.2833999991416931,0.05130000039935112,0.24560000002384186,0.8422999978065491
jgi_Triab1_1_524632_e_gw1.129.2.1,Cytoplasm|Extracellular,Nuclear localization signal,Soluble,0.6935999989509583,0.35040000081062317,0.7551000118255615,0.3361999988555908,0.35440000891685486,0.01940000057220459,0.08919999748468399,0.21279999613761902,0.288100004196167,0.02969999983906746,0.2660999894142151,0.04089999943971634,0.3131999969482422,0.8657000064849854
jgi_Lyoat1_1430114_e_gw1.28.102.1,Cytoplasm|Extracellular,Nuclear localization signal,Soluble,0.6003999710083008,0.40860000252723694,0.670199990272522,0.24690000712871552,0.5236999988555908,0.026599999517202377,0.10999999940395355,0.15610000491142273,0.17749999463558197,0.008799999952316284,0.41819998621940613,0.04809999838471413,0.2425999939441681,0.8276000022888184
jgi_Lyoat1_1453442_fgenesh1_pg.18___63,Cytoplasm|Extracellular,Nuclear localization signal,Soluble,0.5723000168800354,0.40380001068115234,0.7009999752044678,0.2567000091075897,0.520799994468689,0.03009999915957451,0.08889999985694885,0.1451999992132187,0.1535000056028366,0.011900000274181366,0.41609999537467957,0.052299998700618744,0.24300000071525574,0.8281999826431274
jgi_Lyoat1_1456029_fgenesh1_pg.28___36,Extracellular,,Soluble,0.45680001378059387,0.4627000093460083,0.6876999735832214,0.1615999937057495,0.32019999623298645,0.028599999845027924,0.10000000149011612,0.05009999871253967,0.0917000025510788,0.03539999946951866,0.3601999878883362,0.06949999928474426,0.22220000624656677,0.8030999898910522
jgi_Pisthe227_1_2266095_estExt_Genewise1Plus.C_950033,Cytoplasm|Extracellular,Nuclear localization signal,Soluble,0.6787999868392944,0.42410001158714294,0.6412000060081482,0.2831000089645386,0.40459999442100525,0.06989999860525131,0.11429999768733978,0.35019999742507935,0.33379998803138733,0.047200001776218414,0.36970001459121704,0.03790000081062317,0.24320000410079956,0.8644000291824341
jgi_Polsqu1_573877_e_gw1.36.43.1,Cytoplasm|Extracellular,Nuclear localization signal,Soluble,0.5393999814987183,0.4293999969959259,0.788100004196167,0.23729999363422394,0.21699999272823334,0.0071000000461936,0.019600000232458115,0.07540000230073929,0.07150000333786011,0.014499999582767487,0.33869999647140503,0.018200000748038292,0.2476000040769577,0.8998000025749207
jgi_Polsqu1_645443_fgenesh1_kg.36___279___TRINITY_DN6464_c2_g1_i2,Cytoplasm|Extracellular,Nuclear localization signal,Soluble,0.5957000255584717,0.47440001368522644,0.6976000070571899,0.15440000593662262,0.2937000095844269,0.00989999994635582,0.04010000079870224,0.23389999568462372,0.1324000060558319,0.014499999582767487,0.2879999876022339,0.02280000038444996,0.14010000228881836,0.9222999811172485
jgi_Polsqu1_707804_fgenesh1_pm.36___52,Nucleus|Extracellular,,Soluble,0.46140000224113464,0.5024999976158142,0.7177000045776367,0.21040000021457672,0.36340001225471497,0.021700000390410423,0.038600001484155655,0.2840000092983246,0.24940000474452972,0.1031000018119812,0.4401000142097473,0.04479999840259552,0.3037000000476837,0.7677000164985657
jgi_Dicsqu464_1_982219_gm1.10800_g,Nucleus,,Soluble,0.4034999907016754,0.49320000410079956,0.42809998989105225,0.16940000653266907,0.4235000014305115,0.006899999920278788,0.09860000014305115,0.06310000270605087,0.06279999762773514,0.05350000038743019,0.17659999430179596,0.062199998646974564,0.21379999816417694,0.8582000136375427
jgi_Irplac1_1724138_estExt_fgenesh1_pg.C_260088,Cytoplasm|Extracellular,,Soluble,0.6036999821662903,0.3118000030517578,0.7925000190734863,0.21060000360012054,0.29120001196861267,0.012400000356137753,0.04450000077486038,0.11479999870061874,0.21559999883174896,0.07109999656677246,0.4602000117301941,0.014100000262260437,0.33500000834465027,0.8871999979019165
jgi_Cont1119283_67344_e_gw1.124.62.1,Cytoplasm|Nucleus|Extracellular,Nuclear localization signal,Soluble,0.6025000214576721,0.5794000029563904,0.6348999738693237,0.1340000033378601,0.2522999942302704,0.015200000256299973,0.08030000329017639,0.22930000722408295,0.22390000522136688,0.04690000042319298,0.30399999022483826,0.04780000075697899,0.1754000037908554,0.8845000267028809
jgi_Cont1119283_86054_fgenesh1_pg.27___83,Cytoplasm|Nucleus|Extracellular,Nuclear localization signal,Soluble,0.6025000214576721,0.5794000029563904,0.6348999738693237,0.1340000033378601,0.2522999942302704,0.015200000256299973,0.08030000329017639,0.22930000722408295,0.22390000522136688,0.04690000042319298,0.30399999022483826,0.04780000075697899,0.1754000037908554,0.8845000267028809
jgi_Lenti7_1_571802_gm1.7606_g,Cytoplasm|Extracellular,,Soluble,0.5703999996185303,0.4514999985694885,0.8899000287055969,0.20180000364780426,0.18539999425411224,0.00930000003427267,0.01730000041425228,0.05090000107884407,0.057500001043081284,0.00989999994635582,0.39809998869895935,0.022600000724196434,0.2782000005245209,0.8676000237464905
jgi_Lenti7_1_523664_fgenesh1_pg.15___28,Extracellular,,Soluble,0.4339999854564667,0.35199999809265137,0.9118000268936157,0.08910000324249268,0.20100000500679016,0.03280000016093254,0.018200000748038292,0.08030000329017639,0.05770000070333481,0.009399999864399433,0.3077000081539154,0.02250000089406967,0.18160000443458557,0.9072999954223633
jgi_Lenti7_1_523675_fgenesh1_pg.15___39,Extracellular,,Soluble,0.4339999854564667,0.35199999809265137,0.9118000268936157,0.08910000324249268,0.20100000500679016,0.03280000016093254,0.018200000748038292,0.08030000329017639,0.05770000070333481,0.009399999864399433,0.3077000081539154,0.02250000089406967,0.18160000443458557,0.9072999954223633
jgi_MroMCA2997_1_8059_Moror_10041,Endoplasmic reticulum,,Peripheral|Transmembrane,0.36880001425743103,0.2653000056743622,0.1290999948978424,0.36820000410079956,0.33320000767707825,0.0649000033736229,0.5727999806404114,0.050999999046325684,0.08810000121593475,0.03139999881386757,0.6229000091552734,0.8359000086784363,0.15760000050067902,0.1860000044107437
jgi_MroMCA2997_1_12739_Moror_17915,Nucleus,Nuclear localization signal,Soluble,0.4262999892234802,0.45579999685287476,0.11219999939203262,0.4453999996185303,0.30709999799728394,0.05530000105500221,0.1680999994277954,0.1137000024318695,0.16979999840259552,0.08550000190734863,0.507099986076355,0.16369999945163727,0.5745000243186951,0.6538000106811523
jgi_Lenti6_1_580340_fgenesh1_kg.54___35___Locus14359v1rpkm1.09,Cytoplasm|Extracellular,,Soluble,0.5703999996185303,0.4514999985694885,0.8899000287055969,0.20180000364780426,0.18539999425411224,0.00930000003427267,0.01730000041425228,0.05090000107884407,0.057500001043081284,0.00989999994635582,0.39809998869895935,0.022600000724196434,0.2782000005245209,0.8676000237464905
jgi_Lenti6_1_580338_fgenesh1_kg.54___33___Locus14359v1rpkm1.09,Extracellular,,Soluble,0.40220001339912415,0.34310001134872437,0.9186999797821045,0.08900000154972076,0.20720000565052032,0.03889999911189079,0.01769999973475933,0.08139999955892563,0.055399999022483826,0.009399999864399433,0.3156000077724457,0.022600000724196434,0.18060000240802765,0.9060999751091003
jgi_Lenti6_1_580351_fgenesh1_kg.54___46___Locus14359v1rpkm1.09,Extracellular,,Soluble,0.4339999854564667,0.35199999809265137,0.9118000268936157,0.08910000324249268,0.20100000500679016,0.03280000016093254,0.018200000748038292,0.08030000329017639,0.05770000070333481,0.009399999864399433,0.3077000081539154,0.02250000089406967,0.18160000443458557,0.9072999954223633
jgi_Traver1_9892_rna-Trave2p4_12941,Cytoplasm|Extracellular,,Soluble,0.5062999725341797,0.3797999918460846,0.8217999935150146,0.12200000137090683,0.10920000076293945,0.07479999959468842,0.08020000159740448,0.10260000079870224,0.10750000178813934,0.04919999837875366,0.38280001282691956,0.05380000174045563,0.32339999079704285,0.8212000131607056
jgi_Sisbr1_603330_fgenesh1_pm.45___32,Cytoplasm|Extracellular,,Soluble,0.5703999996185303,0.4514999985694885,0.8899000287055969,0.20180000364780426,0.18539999425411224,0.00930000003427267,0.01730000041425228,0.05090000107884407,0.057500001043081284,0.00989999994635582,0.39809998869895935,0.022600000724196434,0.2782000005245209,0.8676000237464905
jgi_Sisbr1_618493_estExt_fgenesh1_pg.C_450024,Extracellular,,Soluble,0.40220001339912415,0.34310001134872437,0.9186999797821045,0.08900000154972076,0.20720000565052032,0.03889999911189079,0.01769999973475933,0.08139999955892563,0.055399999022483826,0.009399999864399433,0.3156000077724457,0.022600000724196434,0.18060000240802765,0.9060999751091003
jgi_Pisthe1_1755645_gm1.7213_g,Cytoplasm|Extracellular,,Soluble,0.6830999851226807,0.41370001435279846,0.6513000130653381,0.2768999934196472,0.4106000065803528,0.062199998646974564,0.10890000313520432,0.34950000047683716,0.3449999988079071,0.04839999973773956,0.36390000581741333,0.03819999843835831,0.24570000171661377,0.864300012588501
jgi_Piscro1_383570_CE383569_65934,Cytoplasm|Extracellular,,Soluble,0.6833999752998352,0.3961000144481659,0.6243000030517578,0.3100999891757965,0.44780001044273376,0.05169999971985817,0.10220000147819519,0.3628999888896942,0.3564999997615814,0.04919999837875366,0.3734999895095825,0.039799999445676804,0.2475000023841858,0.8628000020980835
jgi_Kavalb1_1230920_estExt_Genewise1Plus.C_1140025,Cytoplasm|Extracellular,,Soluble,0.607200026512146,0.43540000915527344,0.7910000085830688,0.3815000057220459,0.3635999858379364,0.031199999153614044,0.09870000183582306,0.2775000035762787,0.23319999873638153,0.032999999821186066,0.33739998936653137,0.04179999977350235,0.4523000121116638,0.8848000168800354
jgi_Kavalb1_1254294_fgenesh1_pg.47___31,Cytoplasm|Nucleus|Extracellular,Nuclear localization signal,Soluble,0.6660000085830688,0.6287999749183655,0.6593999862670898,0.15489999949932098,0.46889999508857727,0.052000001072883606,0.13920000195503235,0.21089999377727509,0.2971000075340271,0.042100001126527786,0.41519999504089355,0.04280000180006027,0.2705000042915344,0.8593000173568726
jgi_Kavalb1_1361163_gm4.10092_g,Cytoplasm|Nucleus|Extracellular,Nuclear localization signal,Soluble,0.6679999828338623,0.5645999908447266,0.6793000102043152,0.16329999268054962,0.45660001039505005,0.04410000145435333,0.15060000121593475,0.22869999706745148,0.34060001373291016,0.024800000712275505,0.38920000195503235,0.03709999844431877,0.2782999873161316,0.8718000054359436
jgi_Kavalb1_1361168_gm4.10097_g,Cytoplasm|Nucleus,Nuclear localization signal,Soluble,0.6474000215530396,0.602400004863739,0.541100025177002,0.1251000016927719,0.45010000467300415,0.07029999792575836,0.11789999902248383,0.20239999890327454,0.23510000109672546,0.01979999989271164,0.3709000051021576,0.039000000804662704,0.2289000004529953,0.8677999973297119
jgi_Galinc1_2073053_gm1.1219_g,Cytoplasm|Extracellular,Nuclear localization signal,Soluble,0.7110000252723694,0.4357999861240387,0.7681000232696533,0.14319999516010284,0.3889999985694885,0.02979999966919422,0.1273999959230423,0.2232999950647354,0.18790000677108765,0.019300000742077827,0.2524999976158142,0.04179999977350235,0.22349999845027924,0.8766000270843506
jgi_Diocr1_377693_gm1.2006_g,Extracellular,,Soluble,0.4456999897956848,0.48489999771118164,0.7702000141143799,0.18140000104904175,0.5001000165939331,0.01549999974668026,0.11230000108480453,0.18440000712871552,0.10400000214576721,0.04989999905228615,0.43209999799728394,0.05429999902844429,0.41769999265670776,0.8626000285148621
jgi_Diocr1_413499_estExt_Genemark1.C_150010,Cytoplasm|Nucleus|Extracellular|Mitochondrion,,Soluble,0.5795000195503235,0.5163999795913696,0.722100019454956,0.2134999930858612,0.695900022983551,0.034699998795986176,0.07940000295639038,0.25760000944137573,0.2750000059604645,0.02329999953508377,0.4350999891757965,0.03480000048875809,0.22419999539852142,0.8486999869346619
jgi_Diocr1_413497_estExt_Genemark1.C_150008,Cytoplasm|Extracellular,Nuclear localization signal,Soluble,0.661899983882904,0.4952000081539154,0.8715999722480774,0.20149999856948853,0.4066999852657318,0.05820000171661377,0.11659999936819077,0.14409999549388885,0.14350000023841858,0.020600000396370888,0.17319999635219574,0.04230000078678131,0.2948000133037567,0.8845999836921692
jgi_Pleery1_1387261_e_gw1.22.102.1,Cytoplasm|Extracellular,,Soluble,0.6068999767303467,0.44110000133514404,0.7260000109672546,0.24580000340938568,0.27730000019073486,0.008700000122189522,0.06530000269412994,0.163100004196167,0.12630000710487366,0.019300000742077827,0.3813999891281128,0.024299999698996544,0.25369998812675476,0.8820000290870667
jgi_Pleery1_1444518_fgenesh1_kg.22___149___Locus743v1rpkm237.93,Cytoplasm|Extracellular,,Soluble,0.6378999948501587,0.4133000075817108,0.8217999935150146,0.30230000615119934,0.2558000087738037,0.00860000029206276,0.04129999876022339,0.093299999833107,0.1379999965429306,0.018699999898672104,0.37049999833106995,0.019600000232458115,0.20720000565052032,0.8881000280380249
jgi_Amarub1_1079426_gm1.11311_g,Cytoplasm|Nucleus,,Soluble,0.6028000116348267,0.5016000270843506,0.195700004696846,0.1941000074148178,0.13429999351501465,0.002899999963119626,0.10859999805688858,0.12540000677108765,0.11190000176429749,0.12399999797344208,0.3391999900341034,0.08959999680519104,0.1688999980688095,0.8277999758720398
jgi_Amarub1_1082242_gm1.14127_g,Cytoplasm,,Soluble,0.6646000146865845,0.4496000111103058,0.319599986076355,0.21199999749660492,0.09849999845027924,0.0017999999690800905,0.07720000296831131,0.13539999723434448,0.14470000565052032,0.15109999477863312,0.35409998893737793,0.056299999356269836,0.3037000000476837,0.8550000190734863
jgi_Amarub1_1111223_estExt_Genewise1.C_1440007,Cytoplasm|Nucleus|Extracellular,,Soluble,0.5052000284194946,0.5526999831199646,0.7279999852180481,0.1574999988079071,0.5302000045776367,0.02239999920129776,0.15539999306201935,0.08049999922513962,0.3125999867916107,0.03319999948143959,0.4025999903678894,0.1306000053882599,0.34779998660087585,0.82669997215271
jgi_Amarub1_1161814_estExt_fgenesh1_pg.C_830016,Cytoplasm|Extracellular,Nuclear localization signal,Soluble,0.49050000309944153,0.40529999136924744,0.6948000192642212,0.2533000111579895,0.49140000343322754,0.040300000458955765,0.08889999985694885,0.19179999828338623,0.1467999964952469,0.019200000911951065,0.45680001378059387,0.0544000007212162,0.22699999809265137,0.8266000151634216
jgi_Amarub1_650716_CE650715_4161,Extracellular|Mitochondrion,Mitochondrial transit peptide|Nuclear localization signal,Soluble,0.44519999623298645,0.4837000072002411,0.7360000014305115,0.19300000369548798,0.7110999822616577,0.02889999933540821,0.09030000120401382,0.21060000360012054,0.357699990272522,0.004000000189989805,0.4009000062942505,0.050999999046325684,0.2069000005722046,0.8500999808311462
jgi_Amarub1_970520_fgenesh1_kg.26___396___TRINITY_DN18076_c2_g2_i1,Cytoplasm|Extracellular,Nuclear localization signal,Soluble,0.6464999914169312,0.429500013589859,0.7900999784469604,0.26249998807907104,0.28529998660087585,0.022700000554323196,0.08190000057220459,0.1501999944448471,0.25619998574256897,0.007499999832361937,0.4368000030517578,0.029999999329447746,0.41200000047683716,0.8727999925613403
jgi_Amarub1_991530_fgenesh1_kg.84___176___TRINITY_DN18076_c2_g2_i1,Cytoplasm,Nuclear localization signal,Soluble,0.6503000259399414,0.4747999906539917,0.5946999788284302,0.28060001134872437,0.2808000147342682,0.015599999576807022,0.21240000426769257,0.14869999885559082,0.22450000047683716,0.007199999876320362,0.31049999594688416,0.04270000010728836,0.38989999890327454,0.867900013923645
jgi_Uniuni1_206842_CE206841_1637,Cytoplasm,,Soluble,0.6114000082015991,0.4537000060081482,0.1143999993801117,0.1289999932050705,0.2142000049352646,0.003700000001117587,0.181099995970726,0.17319999635219574,0.18320000171661377,0.061400000005960464,0.263700008392334,0.13289999961853027,0.07349999994039536,0.836899995803833
jgi_Elmca1_251765_CE251764_1804,Cytoplasm|Extracellular,,Soluble,0.6139000058174133,0.41269999742507935,0.8902000188827515,0.14100000262260437,0.274399995803833,0.008700000122189522,0.05130000039935112,0.12229999899864197,0.07639999687671661,0.01489999983459711,0.2985999882221222,0.019999999552965164,0.21459999680519104,0.9046000242233276
jgi_Pismi2_4275208_fgenesh1_kg.9___6305___transcript_45092,Cytoplasm|Extracellular,,Soluble,0.679099977016449,0.37709999084472656,0.7009000182151794,0.30809998512268066,0.42800000309944153,0.07649999856948853,0.11550000309944153,0.38089999556541443,0.352400004863739,0.04690000042319298,0.3515999913215637,0.02969999983906746,0.287200003862381,0.8844000101089478
jgi_Pismi2_688450_Pismi1.fgenesh1_kg.294___11___Locus149v1rpkm702.91,Cytoplasm|Extracellular,,Soluble,0.6543999910354614,0.392300009727478,0.6852999925613403,0.31529998779296875,0.44029998779296875,0.07280000299215317,0.10989999771118164,0.35830000042915344,0.31470000743865967,0.04619999974966049,0.3450999855995178,0.02800000086426735,0.2612000107765198,0.8816999793052673
jgi_Pisalb1_2167476_e_gw1.26.20.1,Cytoplasm|Extracellular,,Soluble,0.642300009727478,0.35659998655319214,0.7148000001907349,0.3571000099182129,0.40459999442100525,0.09780000150203705,0.08489999920129776,0.3379000127315521,0.29510000348091125,0.03700000047683716,0.3158999979496002,0.03550000116229057,0.2531999945640564,0.8756999969482422
jgi_Pisalb1_1121001_CE1121000_8155,Cytoplasm|Extracellular,Signal peptide,Soluble,0.5695000290870667,0.2232999950647354,0.8361999988555908,0.1581999957561493,0.21570000052452087,0.029999999329447746,0.20469999313354492,0.3529999852180481,0.19169999659061432,0.04529999941587448,0.2614000141620636,0.06610000133514404,0.18209999799728394,0.8611999750137329
jgi_Panpap1_19875_CE19874_28,Cytoplasm|Extracellular,Nuclear localization signal,Soluble,0.7113000154495239,0.4578999876976013,0.8007000088691711,0.3668999969959259,0.5206999778747559,0.009800000116229057,0.1331000030040741,0.1518000066280365,0.26440000534057617,0.006099999882280827,0.3140000104904175,0.027400000020861626,0.40689998865127563,0.8754000067710876
jgi_Panpap1_1355982_e_gw1.26.145.1,Cytoplasm|Extracellular,,Soluble,0.6547999978065491,0.43849998712539673,0.8406000137329102,0.27140000462532043,0.38510000705718994,0.04839999973773956,0.1054999977350235,0.11110000312328339,0.16019999980926514,0.061500001698732376,0.37549999356269836,0.04490000009536743,0.26899999380111694,0.8532999753952026
jgi_Panpap1_1397581_fgenesh1_pg.1___245,Cytoplasm|Extracellular,Nuclear localization signal,Soluble,0.6855000257492065,0.44769999384880066,0.8270999789237976,0.25949999690055847,0.4424999952316284,0.026200000196695328,0.1770000010728836,0.1720000058412552,0.2563999891281128,0.02370000071823597,0.33899998664855957,0.02669999934732914,0.33230000734329224,0.8849999904632568
jgi_Panpap1_1533752_gm1.13358_g,Cytoplasm|Extracellular,Signal peptide,Soluble,0.5333999991416931,0.328900009393692,0.9480999708175659,0.09210000187158585,0.16660000383853912,0.0649000033736229,0.07850000262260437,0.1046999990940094,0.08760000020265579,0.07159999758005142,0.31380000710487366,0.04989999905228615,0.16500000655651093,0.8658999800682068
jgi_Panpap1_1610024_estExt_Genemark1.C_7_t20145,Cytoplasm|Extracellular,,Soluble,0.5821999907493591,0.39629998803138733,0.8223999738693237,0.2515000104904175,0.29919999837875366,0.025200000032782555,0.09149999916553497,0.15160000324249268,0.15230000019073486,0.01730000041425228,0.38499999046325684,0.0284000001847744,0.325300008058548,0.8640000224113464
jgi_Panpap1_1614630_estExt_Genemark1.C_200276,Cytoplasm,,Soluble,0.46810001134872437,0.4341999888420105,0.38019999861717224,0.16329999268054962,0.12460000067949295,0.00419999985024333,0.18019999563694,0.04969999939203262,0.0820000022649765,0.0568000003695488,0.36550000309944153,0.25270000100135803,0.10999999940395355,0.7347999811172485
jgi_Panpap1_689993_CE689992_265,Cytoplasm|Extracellular,Nuclear localization signal,Soluble,0.5993000268936157,0.43149998784065247,0.7179999947547913,0.22220000624656677,0.2833999991416931,0.0340999998152256,0.06859999895095825,0.18029999732971191,0.133200004696846,0.033900000154972076,0.382099986076355,0.023399999365210533,0.3041999936103821,0.8914999961853027
jgi_Polar1_547014_estExt_Genewise1Plus.C_1480055,Cytoplasm|Nucleus|Extracellular,,Soluble,0.5580999851226807,0.5200999975204468,0.7753000259399414,0.15780000388622284,0.3260999917984009,0.07569999992847443,0.06800000369548798,0.05939999967813492,0.09130000323057175,0.16680000722408295,0.30309998989105225,0.040699999779462814,0.4772999882698059,0.7720000147819519
jgi_Polar1_586868_fgenesh1_kg.218___2___Locus9925v2rpkm1.71,Cytoplasm|Nucleus,Nuclear localization signal,Soluble,0.5820000171661377,0.5493000149726868,0.5656999945640564,0.12110000103712082,0.2004999965429306,0.006099999882280827,0.045099999755620956,0.12070000171661377,0.08240000158548355,0.010400000028312206,0.26820001006126404,0.02459999918937683,0.24740000069141388,0.8862000107765198
jgi_Polar1_591849_fgenesh1_kg.809___2___Locus9925v2rpkm1.71,Cytoplasm,Nuclear localization signal,Soluble,0.531000018119812,0.48730000853538513,0.6021999716758728,0.19269999861717224,0.301800012588501,0.0044999998062849045,0.03480000048875809,0.1907999962568283,0.13369999825954437,0.021299999207258224,0.3395000100135803,0.023099999874830246,0.15320000052452087,0.8977000117301941
jgi_Polar1_598570_gm1.5533_g,Cytoplasm|Extracellular,,Soluble,0.6035000085830688,0.39320001006126404,0.9193000197410583,0.12489999830722809,0.2547000050544739,0.00930000003427267,0.024000000208616257,0.14059999585151672,0.12700000405311584,0.019700000062584877,0.23260000348091125,0.018200000748038292,0.25119999051094055,0.9118000268936157
jgi_Polar1_606953_gm1.13916_g,Extracellular,,Soluble,0.4251999855041504,0.3797000050544739,0.9344000220298767,0.12039999663829803,0.20100000500679016,0.010900000110268593,0.015799999237060547,0.12330000102519989,0.0737999975681305,0.10440000146627426,0.24240000545978546,0.025299999862909317,0.35260000824928284,0.8962000012397766
jgi_Polar1_492019_e_gw1.218.33.1,Cytoplasm|Extracellular,,Soluble,0.6126999855041504,0.2904999852180481,0.767300009727478,0.1873999983072281,0.4684000015258789,0.008299999870359898,0.0406000018119812,0.09539999812841415,0.11389999836683273,0.025499999523162842,0.257999986410141,0.020400000736117363,0.35519999265670776,0.8813999891281128
jgi_Lacam2_1678639_fgenesh1_kg.799___3___Locus800v1rpkm150.24,Cytoplasm|Nucleus|Extracellular,Nuclear localization signal,Soluble,0.5224000215530396,0.5220000147819519,0.6980999708175659,0.2547999918460846,0.4950000047683716,0.05350000038743019,0.12780000269412994,0.20409999787807465,0.2549000084400177,0.006099999882280827,0.5159000158309937,0.03669999912381172,0.23149999976158142,0.8206999897956848
jgi_Lacam2_687022_Lacam1.fgenesh1_kg.788___3___Locus800v1rpkm150.24,Cytoplasm|Nucleus|Extracellular,Nuclear localization signal,Soluble,0.5224000215530396,0.5220000147819519,0.6980999708175659,0.2547999918460846,0.4950000047683716,0.05350000038743019,0.12780000269412994,0.20409999787807465,0.2549000084400177,0.006099999882280827,0.5159000158309937,0.03669999912381172,0.23149999976158142,0.8206999897956848
jgi_Hypsu1_208850_gm1.12935_g,Cytoplasm|Extracellular,Nuclear localization signal,Soluble,0.5705999732017517,0.4526999890804291,0.7754999995231628,0.18520000576972961,0.4580000042915344,0.014999999664723873,0.09600000083446503,0.09449999779462814,0.12960000336170197,0.019600000232458115,0.4790000021457672,0.05950000137090683,0.41190001368522644,0.8417999744415283
jgi_Hypsu1_208851_gm1.12936_g,Cytoplasm|Extracellular,,Soluble,0.6854000091552734,0.3828999996185303,0.7820000052452087,0.1873999983072281,0.46869999170303345,0.04619999974966049,0.13199999928474426,0.15410000085830688,0.20759999752044678,0.027400000020861626,0.38960000872612,0.06989999860525131,0.36739999055862427,0.8058000206947327
jgi_Chopur1_951666_fgenesh1_kg.230___87___TRINITY_DN2188_c0_g2_i1,Cytoplasm|Extracellular,Nuclear localization signal,Soluble,0.6639999747276306,0.4205999970436096,0.8073999881744385,0.304500013589859,0.2973000109195709,0.02290000021457672,0.07850000262260437,0.17900000512599945,0.18539999425411224,0.016100000590085983,0.32989999651908875,0.02800000086426735,0.311599999666214,0.8726999759674072
jgi_Paxin1_9942_gm1.4513_g,Extracellular,,Soluble,0.3537999987602234,0.18060000240802765,0.9383999705314636,0.10610000044107437,0.26179999113082886,0.2549999952316284,0.03579999879002571,0.07039999961853027,0.04859999939799309,0.10189999639987946,0.3005000054836273,0.03150000050663948,0.2387000024318695,0.8792999982833862
jgi_Paxin1_9943_gm1.4514_g,Extracellular,,Soluble,0.3537999987602234,0.18060000240802765,0.9383999705314636,0.10610000044107437,0.26179999113082886,0.2549999952316284,0.03579999879002571,0.07039999961853027,0.04859999939799309,0.10189999639987946,0.3005000054836273,0.03150000050663948,0.2387000024318695,0.8792999982833862
jgi_Polbr1_1403104_fgenesh1_kg.24___22___Locus3445v1rpkm46.49,Cytoplasm|Nucleus,Nuclear localization signal,Soluble,0.6607999801635742,0.5497999787330627,0.5705000162124634,0.19820000231266022,0.2387000024318695,0.0013000000035390258,0.04439999908208847,0.10019999742507935,0.1289999932050705,0.007600000128149986,0.3968999981880188,0.02019999921321869,0.25940001010894775,0.8917999863624573
jgi_Polbr1_1403107_fgenesh1_kg.24___25___Locus12018v2rpkm2.00,Cytoplasm|Extracellular,,Soluble,0.48829999566078186,0.37700000405311584,0.9591000080108643,0.08829999715089798,0.1656000018119812,0.027400000020861626,0.02250000089406967,0.057100001722574234,0.06520000100135803,0.06700000166893005,0.3246000111103058,0.02459999918937683,0.3068000078201294,0.8701000213623047
jgi_Polbr1_1482675_gm1.6256_g,Cytoplasm,,Soluble,0.42800000309944153,0.40450000762939453,0.4471000134944916,0.08169999718666077,0.4828000068664551,0.015200000256299973,0.04960000142455101,0.06589999794960022,0.07209999859333038,0.07490000128746033,0.32339999079704285,0.04919999837875366,0.1964000016450882,0.8652999997138977
jgi_Polbr1_493721_CE493720_475,Cytoplasm|Extracellular,,Soluble,0.5821999907493591,0.4099000096321106,0.9121999740600586,0.11020000278949738,0.23350000381469727,0.00800000037997961,0.023499999195337296,0.14830000698566437,0.10209999978542328,0.020500000566244125,0.23800000548362732,0.01850000023841858,0.26739999651908875,0.9082000255584717
jgi_Oudmuc1_1429373_gm1.2231_g,Extracellular,Peroxisomal targeting signal,Soluble,0.4577000141143799,0.40790000557899475,0.762499988079071,0.3005000054836273,0.43970000743865967,0.02630000002682209,0.0364999994635582,0.15850000083446503,0.3240000009536743,0.09849999845027924,0.39309999346733093,0.041999999433755875,0.31940001249313354,0.879800021648407
jgi_Paxru2_1809802_fgenesh1_kg.302___20___Locus4195v1rpkm36.13,Cytoplasm,Nuclear localization signal,Soluble,0.5559999942779541,0.47450000047683716,0.5983999967575073,0.2750000059604645,0.39910000562667847,0.03530000150203705,0.045499999076128006,0.3522000014781952,0.18880000710487366,0.04399999976158142,0.2669999897480011,0.031199999153614044,0.19869999587535858,0.8913999795913696
jgi_FlaPMI526_1_860284_CE860283_46,Cytoplasm|Extracellular,,Soluble,0.5189999938011169,0.42489999532699585,0.7427999973297119,0.3402999937534332,0.3723999857902527,0.005799999926239252,0.06589999794960022,0.12790000438690186,0.12139999866485596,0.03550000116229057,0.3328999876976013,0.01860000006854534,0.21490000188350677,0.8999000191688538
jgi_FlaPMI526_1_1706535_gm1.4825_g,Cytoplasm|Extracellular,Nuclear localization signal,Soluble,0.6254000067710876,0.48100000619888306,0.7196999788284302,0.3107999861240387,0.3580000102519989,0.010700000450015068,0.0617000013589859,0.14090000092983246,0.18080000579357147,0.030300000682473183,0.31360000371932983,0.019200000911951065,0.2809000015258789,0.896399974822998
jgi_FlaPMI526_1_1780046_MIX51924_1_36,Cytoplasm|Extracellular,,Soluble,0.6186000108718872,0.43700000643730164,0.8133999705314636,0.289900004863739,0.3449000120162964,0.0142000000923872,0.06920000165700912,0.11829999834299088,0.14480000734329224,0.056699998676776886,0.33079999685287476,0.0215000007301569,0.25929999351501465,0.8917999863624573
jgi_FlaPMI526_1_1823268_estExt_Genemark1.C_330137,Cytoplasm|Nucleus,Nuclear localization signal,Soluble,0.6455000042915344,0.6514999866485596,0.48559999465942383,0.40459999442100525,0.2867000102996826,0.0052999998442828655,0.10729999840259552,0.13459999859333038,0.11299999803304672,0.006899999920278788,0.22519999742507935,0.03959999978542328,0.3156999945640564,0.9296000003814697
jgi_Hebvel2_1149996_fgenesh1_kg.14___1326___TRINITY_DN4446_c0_g2_i1,Extracellular,,Soluble,0.3991999924182892,0.30550000071525574,0.8687999844551086,0.12409999966621399,0.3089999854564667,0.06920000165700912,0.030700000002980232,0.13019999861717224,0.07559999823570251,0.05339999869465828,0.4162999987602234,0.06939999759197235,0.19470000267028809,0.8252000212669373
jgi_Hebvel2_1149999_fgenesh1_kg.14___1329___TRINITY_DN4446_c0_g2_i1,Cytoplasm|Extracellular,Nuclear localization signal,Soluble,0.5166000127792358,0.4544000029563904,0.6722000241279602,0.23309999704360962,0.45329999923706055,0.06019999831914902,0.08380000293254852,0.14259999990463257,0.10679999738931656,0.032999999821186066,0.4652000069618225,0.061400000005960464,0.1851000040769577,0.821399986743927
jgi_Hebvel2_1150001_fgenesh1_kg.14___1331___TRINITY_DN9926_c0_g1_i1,Cytoplasm|Extracellular,Nuclear localization signal,Soluble,0.5450999736785889,0.43470001220703125,0.704200029373169,0.2669999897480011,0.38510000705718994,0.05649999901652336,0.09130000323057175,0.1257999986410141,0.12330000102519989,0.009800000116229057,0.3156999945640564,0.04439999908208847,0.27730000019073486,0.876800000667572
jgi_Tulhel1_2149446_estExt_Genemark4.C_2_t10210,Cytoplasm|Extracellular,Nuclear localization signal,Soluble,0.6869999766349792,0.41440001130104065,0.8267999887466431,0.3190000057220459,0.43939998745918274,0.0340999998152256,0.16369999945163727,0.15240000188350677,0.24799999594688416,0.01759999990463257,0.43950000405311584,0.03440000116825104,0.4023999869823456,0.8248999714851379
jgi_Tulhel1_1793226_e_gw1.6.211.1,Cytoplasm|Nucleus|Extracellular,Nuclear localization signal,Soluble,0.5950000286102295,0.5241000056266785,0.7738999724388123,0.20679999887943268,0.34869998693466187,0.014800000004470348,0.14270000159740448,0.19679999351501465,0.2630000114440918,0.014000000432133675,0.34049999713897705,0.045099999755620956,0.1453000009059906,0.8727999925613403
jgi_Tulhel1_1932151_fgenesh1_kg.2___1201___TRINITY_DN1715_c0_g2_i10,Cytoplasm|Extracellular,Nuclear localization signal,Soluble,0.6868000030517578,0.4307999908924103,0.8549000024795532,0.30309998989105225,0.36809998750686646,0.0348999984562397,0.14869999885559082,0.12860000133514404,0.22200000286102295,0.02419999986886978,0.34540000557899475,0.035100001841783524,0.31450000405311584,0.8392999768257141
jgi_Tulhel1_1932165_fgenesh1_kg.2___1215___TRINITY_DN1715_c0_g2_i10,Cytoplasm|Extracellular,Nuclear localization signal,Soluble,0.682699978351593,0.4106999933719635,0.8447999954223633,0.34880000352859497,0.32820001244544983,0.03880000114440918,0.11079999804496765,0.11320000141859055,0.18199999630451202,0.021800000220537186,0.42170000076293945,0.028300000354647636,0.49709999561309814,0.8172000050544739
jgi_Galma1_143730_gm1.12231_g,Cytoplasm|Extracellular,,Soluble,0.588100016117096,0.3684000074863434,0.6866000294685364,0.2623000144958496,0.6118999719619751,0.024000000208616257,0.0860000029206276,0.18299999833106995,0.19009999930858612,0.038100000470876694,0.42669999599456787,0.059300001710653305,0.2513999938964844,0.8151999711990356
jgi_Pismar1_2600390_fgenesh1_pg.25___48,Cytoplasm|Extracellular|Mitochondrion,,Soluble,0.5666000247001648,0.39899998903274536,0.7114999890327454,0.3181000053882599,0.6572999954223633,0.024399999529123306,0.09730000048875809,0.11100000143051147,0.14300000667572021,0.05480000004172325,0.3955000042915344,0.0502999983727932,0.1881999969482422,0.8281000256538391
jgi_Pismar1_2666719_fgenesh1_kg.38___402___TRINITY_DN15263_c0_g1_i1,Cytoplasm|Extracellular,,Soluble,0.6568999886512756,0.4465000033378601,0.6604999899864197,0.26840001344680786,0.4169999957084656,0.04479999840259552,0.0778999999165535,0.3068000078201294,0.2198999971151352,0.11060000211000443,0.3889999985694885,0.03220000118017197,0.258899986743927,0.8823000192642212
jgi_Pismar1_2685475_fgenesh1_kg.62___461___TRINITY_DN15263_c0_g1_i1,Cytoplasm|Extracellular,,Soluble,0.6568999886512756,0.4465000033378601,0.6604999899864197,0.26840001344680786,0.4169999957084656,0.04479999840259552,0.0778999999165535,0.3068000078201294,0.2198999971151352,0.11060000211000443,0.3889999985694885,0.03220000118017197,0.258899986743927,0.8823000192642212
jgi_Pilbys1_1192575_e_gw1.202.54.1,Extracellular,Signal peptide,Soluble,0.32120001316070557,0.21940000355243683,0.8626999855041504,0.08699999749660492,0.38769999146461487,0.05339999869465828,0.09130000323057175,0.03440000116825104,0.25189998745918274,0.001500000013038516,0.4645000100135803,0.040800001472234726,0.33149999380111694,0.8641999959945679
jgi_Inolan1_1869001_e_gw1.503.13.1,Cytoplasm|Nucleus|Extracellular,Nuclear localization signal,Soluble,0.5468000173568726,0.5051000118255615,0.6398000121116638,0.1143999993801117,0.43470001220703125,0.05420000106096268,0.03480000048875809,0.16210000216960907,0.12399999797344208,0.019999999552965164,0.3837999999523163,0.04529999941587448,0.17139999568462372,0.8561000227928162
jgi_Hygcoc2_3130178_fgenesh1_kg.1___12___TRINITY_DN1366_c0_g1_i10,Cytoplasm|Extracellular,Peroxisomal targeting signal,Soluble,0.765999972820282,0.2354000061750412,0.7652000188827515,0.11959999799728394,0.27950000762939453,0.006599999964237213,0.04809999838471413,0.2720000147819519,0.3723999857902527,0.29670000076293945,0.2515000104904175,0.04179999977350235,0.38420000672340393,0.868399977684021
jgi_Hygcoc2_3130216_fgenesh1_kg.1___50___TRINITY_DN1366_c0_g1_i13,Cytoplasm|Extracellular,Signal peptide,Soluble,0.6218000054359436,0.20839999616146088,0.8030999898910522,0.14669999480247498,0.1518000066280365,0.015599999576807022,0.13689999282360077,0.2134000062942505,0.303600013256073,0.24819999933242798,0.24469999969005585,0.08540000021457672,0.3222000002861023,0.822700023651123
jgi_Sphst1_29870_fgenesh1_kg.37___29___Locus4770v1rpkm38.33,Cytoplasm|Extracellular,,Soluble,0.6276999711990356,0.3921000063419342,0.830299973487854,0.3361000120639801,0.391400009393692,0.018400000408291817,0.0649000033736229,0.1290999948978424,0.19529999792575836,0.059700001031160355,0.3564000129699707,0.021400000900030136,0.23759999871253967,0.8892999887466431
jgi_Sphst1_164791_e_gw1.30.53.1,Cytoplasm|Extracellular,,Soluble,0.6363999843597412,0.40959998965263367,0.8429999947547913,0.3370000123977661,0.3668000102043152,0.020099999383091927,0.04820000007748604,0.09019999951124191,0.18889999389648438,0.050200000405311584,0.39910000562667847,0.01899999938905239,0.26829999685287476,0.897599995136261
jgi_Sphst1_191975_e_gw1.288.43.1,Cytoplasm|Extracellular,,Soluble,0.5952000021934509,0.3765999972820282,0.8471999764442444,0.3147999942302704,0.3734000027179718,0.023600000888109207,0.04540000110864639,0.10819999873638153,0.17910000681877136,0.06610000133514404,0.40139999985694885,0.027300000190734863,0.25290000438690186,0.8715999722480774
jgi_Sphst1_267302_gm1.29192_g,Cytoplasm|Extracellular,Peroxisomal targeting signal,Soluble,0.6180999875068665,0.40389999747276306,0.8535000085830688,0.30469998717308044,0.36899998784065247,0.01600000075995922,0.06679999828338623,0.1454000025987625,0.27889999747276306,0.09719999879598618,0.4401000142097473,0.0210999995470047,0.31189998984336853,0.8877999782562256
jgi_Mycepi1_743015_fgenesh1_pg.45___134,Cytoplasm|Nucleus,,Soluble,0.49480000138282776,0.5299000144004822,0.3684000074863434,0.1673000007867813,0.22310000658035278,0.02239999920129776,0.0763000026345253,0.02250000089406967,0.030700000002980232,0.29109999537467957,0.2328999936580658,0.2994000017642975,0.163100004196167,0.7854999899864197
jgi_Mycepi1_771896_fgenesh1_kg.10___97___TRINITY_DN12062_c0_g1_i1,Cytoplasm|Extracellular,Nuclear localization signal,Soluble,0.5583000183105469,0.4146000146865845,0.6187999844551086,0.31540000438690186,0.5676000118255615,0.026000000536441803,0.10369999706745148,0.149399995803833,0.14630000293254852,0.010900000110268593,0.47530001401901245,0.05979999899864197,0.2321999967098236,0.8046000003814697
jgi_Mycepi1_771895_fgenesh1_kg.10___96___TRINITY_DN12062_c0_g1_i1,Cytoplasm|Extracellular,Nuclear localization signal,Soluble,0.579800009727478,0.4372999966144562,0.6373000144958496,0.304500013589859,0.5613999962806702,0.02449999935925007,0.10090000182390213,0.1356000006198883,0.13660000264644623,0.010400000028312206,0.4657999873161316,0.05530000105500221,0.2296999990940094,0.8137999773025513
jgi_Aspfu1_3326_Afu3g00590_mRNA,Extracellular,Signal peptide,Soluble,0.08160000294446945,0.12110000103712082,0.9595999717712402,0.07339999824762344,0.16769999265670776,0.1362999975681305,0.053300000727176666,0.07150000333786011,0.04340000078082085,0.00800000037997961,0.45100000500679016,0.03269999846816063,0.1915999948978424,0.8640999794006348
jgi_Aspfu1_4834_Afu4g02805_mRNA,Cytoplasm,Nuclear localization signal,Soluble,0.6132000088691711,0.48980000615119934,0.5252000093460083,0.23350000381469727,0.41990000009536743,0.00930000003427267,0.052000001072883606,0.05689999833703041,0.04479999840259552,0.010400000028312206,0.36239999532699585,0.04490000009536743,0.27059999108314514,0.8503999710083008
jgi_Beaba1_2701_BBA_02701m.01,Cytoplasm|Extracellular,,Soluble,0.5516999959945679,0.3303999900817871,0.7961999773979187,0.17649999260902405,0.2533999979496002,0.06880000233650208,0.0414000004529953,0.12409999966621399,0.10459999740123749,0.032999999821186066,0.3871999979019165,0.047200001776218414,0.21570000052452087,0.8438000082969666
jgi_Aspni_NRRL3_1_1234_NRRL3_01234,Cytoplasm|Nucleus,Nuclear localization signal,Soluble,0.6284000277519226,0.516700029373169,0.4505999982357025,0.18279999494552612,0.45320001244544983,0.005499999970197678,0.0746999979019165,0.09610000252723694,0.09229999780654907,0.01640000008046627,0.29350000619888306,0.056699998676776886,0.2078000009059906,0.843500018119812
jgi_Aspni_NRRL3_1_2453_NRRL3_02453,Extracellular,,Soluble,0.31869998574256897,0.2500999867916107,0.9406999945640564,0.12110000103712082,0.2547999918460846,0.0052999998442828655,0.02070000022649765,0.14239999651908875,0.07329999655485153,0.477400004863739,0.47749999165534973,0.008899999782443047,0.2069000005722046,0.9307000041007996
